feature,longitude,latitude,elevation_m,source_status
Dudhsagar Falls Railway Bridge,74.3140902565,15.3129183461,256.2822830173,REAL_KML_ELEVATION_CONTROL_POINT
Dudhsagar River,74.3139511686,15.3119034935,204.7918211151,REAL_KML_ELEVATION_CONTROL_POINT
South Western Railway Officers Inspection Cottage,74.3138171803,15.3131298164,262.4473971852,REAL_KML_ELEVATION_CONTROL_POINT
Sree Chimpeswary Temple,74.3110205622,15.3118792816,279.8080502765,REAL_KML_ELEVATION_CONTROL_POINT
Cave dhudhsagar,74.3088270631,15.3126903272,280.3267541097,REAL_KML_ELEVATION_CONTROL_POINT
Dudhsagar railway station,74.3065372438,15.3163402194,282.9836579016,REAL_KML_ELEVATION_CONTROL_POINT
Dudhsagar Parking,74.3134804393,15.3090078909,194.857532512,REAL_KML_ELEVATION_CONTROL_POINT
Dudhsagara Waterfall Camp Site,74.3143904385,15.3127152792,258.9184223963,REAL_KML_ELEVATION_CONTROL_POINT
Main Falls Area,74.3140119942,15.3132153467,266.5998387771,REAL_KML_ELEVATION_CONTROL_POINT
Dudhsagar Watchtower,74.3130529554,15.3092691626,184.9231856113,REAL_KML_ELEVATION_CONTROL_POINT
