datetime,station_id,station_name,latitude,longitude,rainfall_1h_mm,rainfall_3h_mm,rainfall_6h_mm,rainfall_24h_mm,rainfall_category,data_type
2026-08-01 00:00:00,SYN-DUDH-01,Dudhsagar Synthetic Rainfall Station,15.31321535,74.31401199,0.0,0.0,0.0,0.0,No rain,SYNTHETIC_DEMO
2026-08-01 01:00:00,SYN-DUDH-01,Dudhsagar Synthetic Rainfall Station,15.31321535,74.31401199,0.0,0.0,0.0,0.0,No rain,SYNTHETIC_DEMO
2026-08-01 02:00:00,SYN-DUDH-01,Dudhsagar Synthetic Rainfall Station,15.31321535,74.31401199,0.0,0.0,0.0,0.0,No rain,SYNTHETIC_DEMO
2026-08-01 03:00:00,SYN-DUDH-01,Dudhsagar Synthetic Rainfall Station,15.31321535,74.31401199,0.0,0.0,0.0,0.0,No rain,SYNTHETIC_DEMO
2026-08-01 04:00:00,SYN-DUDH-01,Dudhsagar Synthetic Rainfall Station,15.31321535,74.31401199,3.9,3.9,3.9,3.9,Moderate,SYNTHETIC_DEMO
2026-08-01 05:00:00,SYN-DUDH-01,Dudhsagar Synthetic Rainfall Station,15.31321535,74.31401199,0.0,3.9,3.9,3.9,No rain,SYNTHETIC_DEMO
2026-08-01 06:00:00,SYN-DUDH-01,Dudhsagar Synthetic Rainfall Station,15.31321535,74.31401199,0.0,3.9,3.9,3.9,No rain,SYNTHETIC_DEMO
2026-08-01 07:00:00,SYN-DUDH-01,Dudhsagar Synthetic Rainfall Station,15.31321535,74.31401199,0.0,0.0,3.9,3.9,No rain,SYNTHETIC_DEMO
2026-08-01 08:00:00,SYN-DUDH-01,Dudhsagar Synthetic Rainfall Station,15.31321535,74.31401199,6.2,6.2,10.1,10.1,Moderate,SYNTHETIC_DEMO
2026-08-01 09:00:00,SYN-DUDH-01,Dudhsagar Synthetic Rainfall Station,15.31321535,74.31401199,0.0,6.2,10.1,10.1,No rain,SYNTHETIC_DEMO
2026-08-01 10:00:00,SYN-DUDH-01,Dudhsagar Synthetic Rainfall Station,15.31321535,74.31401199,0.0,6.2,6.2,10.1,No rain,SYNTHETIC_DEMO
2026-08-01 11:00:00,SYN-DUDH-01,Dudhsagar Synthetic Rainfall Station,15.31321535,74.31401199,0.0,0.0,6.2,10.1,No rain,SYNTHETIC_DEMO
2026-08-01 12:00:00,SYN-DUDH-01,Dudhsagar Synthetic Rainfall Station,15.31321535,74.31401199,0.0,0.0,6.2,10.1,No rain,SYNTHETIC_DEMO
2026-08-01 13:00:00,SYN-DUDH-01,Dudhsagar Synthetic Rainfall Station,15.31321535,74.31401199,0.0,0.0,6.2,10.1,No rain,SYNTHETIC_DEMO
2026-08-01 14:00:00,SYN-DUDH-01,Dudhsagar Synthetic Rainfall Station,15.31321535,74.31401199,0.0,0.0,0.0,10.1,No rain,SYNTHETIC_DEMO
2026-08-01 15:00:00,SYN-DUDH-01,Dudhsagar Synthetic Rainfall Station,15.31321535,74.31401199,0.0,0.0,0.0,10.1,No rain,SYNTHETIC_DEMO
2026-08-01 16:00:00,SYN-DUDH-01,Dudhsagar Synthetic Rainfall Station,15.31321535,74.31401199,0.0,0.0,0.0,10.1,No rain,SYNTHETIC_DEMO
2026-08-01 17:00:00,SYN-DUDH-01,Dudhsagar Synthetic Rainfall Station,15.31321535,74.31401199,1.3,1.3,1.3,11.4,Light,SYNTHETIC_DEMO
2026-08-01 18:00:00,SYN-DUDH-01,Dudhsagar Synthetic Rainfall Station,15.31321535,74.31401199,0.0,1.3,1.3,11.4,No rain,SYNTHETIC_DEMO
2026-08-01 19:00:00,SYN-DUDH-01,Dudhsagar Synthetic Rainfall Station,15.31321535,74.31401199,0.0,1.3,1.3,11.4,No rain,SYNTHETIC_DEMO
2026-08-01 20:00:00,SYN-DUDH-01,Dudhsagar Synthetic Rainfall Station,15.31321535,74.31401199,0.0,0.0,1.3,11.4,No rain,SYNTHETIC_DEMO
2026-08-01 21:00:00,SYN-DUDH-01,Dudhsagar Synthetic Rainfall Station,15.31321535,74.31401199,0.0,0.0,1.3,11.4,No rain,SYNTHETIC_DEMO
2026-08-01 22:00:00,SYN-DUDH-01,Dudhsagar Synthetic Rainfall Station,15.31321535,74.31401199,0.0,0.0,1.3,11.4,No rain,SYNTHETIC_DEMO
2026-08-01 23:00:00,SYN-DUDH-01,Dudhsagar Synthetic Rainfall Station,15.31321535,74.31401199,0.0,0.0,0.0,11.4,No rain,SYNTHETIC_DEMO
2026-08-02 00:00:00,SYN-DUDH-01,Dudhsagar Synthetic Rainfall Station,15.31321535,74.31401199,0.0,0.0,0.0,11.4,No rain,SYNTHETIC_DEMO
2026-08-02 01:00:00,SYN-DUDH-01,Dudhsagar Synthetic Rainfall Station,15.31321535,74.31401199,0.0,0.0,0.0,11.4,No rain,SYNTHETIC_DEMO
2026-08-02 02:00:00,SYN-DUDH-01,Dudhsagar Synthetic Rainfall Station,15.31321535,74.31401199,0.0,0.0,0.0,11.4,No rain,SYNTHETIC_DEMO
2026-08-02 03:00:00,SYN-DUDH-01,Dudhsagar Synthetic Rainfall Station,15.31321535,74.31401199,0.1,0.1,0.1,11.5,Light,SYNTHETIC_DEMO
2026-08-02 04:00:00,SYN-DUDH-01,Dudhsagar Synthetic Rainfall Station,15.31321535,74.31401199,1.2,1.3,1.3,8.8,Light,SYNTHETIC_DEMO
2026-08-02 05:00:00,SYN-DUDH-01,Dudhsagar Synthetic Rainfall Station,15.31321535,74.31401199,0.0,1.3,1.3,8.8,No rain,SYNTHETIC_DEMO
2026-08-02 06:00:00,SYN-DUDH-01,Dudhsagar Synthetic Rainfall Station,15.31321535,74.31401199,0.0,1.2,1.3,8.8,No rain,SYNTHETIC_DEMO
2026-08-02 07:00:00,SYN-DUDH-01,Dudhsagar Synthetic Rainfall Station,15.31321535,74.31401199,0.0,0.0,1.3,8.8,No rain,SYNTHETIC_DEMO
2026-08-02 08:00:00,SYN-DUDH-01,Dudhsagar Synthetic Rainfall Station,15.31321535,74.31401199,0.0,0.0,1.3,2.6,No rain,SYNTHETIC_DEMO
2026-08-02 09:00:00,SYN-DUDH-01,Dudhsagar Synthetic Rainfall Station,15.31321535,74.31401199,0.0,0.0,1.2,2.6,No rain,SYNTHETIC_DEMO
2026-08-02 10:00:00,SYN-DUDH-01,Dudhsagar Synthetic Rainfall Station,15.31321535,74.31401199,0.0,0.0,0.0,2.6,No rain,SYNTHETIC_DEMO
2026-08-02 11:00:00,SYN-DUDH-01,Dudhsagar Synthetic Rainfall Station,15.31321535,74.31401199,0.0,0.0,0.0,2.6,No rain,SYNTHETIC_DEMO
2026-08-02 12:00:00,SYN-DUDH-01,Dudhsagar Synthetic Rainfall Station,15.31321535,74.31401199,6.9,6.9,6.9,9.5,Moderate,SYNTHETIC_DEMO
2026-08-02 13:00:00,SYN-DUDH-01,Dudhsagar Synthetic Rainfall Station,15.31321535,74.31401199,0.0,6.9,6.9,9.5,No rain,SYNTHETIC_DEMO
2026-08-02 14:00:00,SYN-DUDH-01,Dudhsagar Synthetic Rainfall Station,15.31321535,74.31401199,0.0,6.9,6.9,9.5,No rain,SYNTHETIC_DEMO
2026-08-02 15:00:00,SYN-DUDH-01,Dudhsagar Synthetic Rainfall Station,15.31321535,74.31401199,0.0,0.0,6.9,9.5,No rain,SYNTHETIC_DEMO
2026-08-02 16:00:00,SYN-DUDH-01,Dudhsagar Synthetic Rainfall Station,15.31321535,74.31401199,0.0,0.0,6.9,9.5,No rain,SYNTHETIC_DEMO
2026-08-02 17:00:00,SYN-DUDH-01,Dudhsagar Synthetic Rainfall Station,15.31321535,74.31401199,0.0,0.0,6.9,8.2,No rain,SYNTHETIC_DEMO
2026-08-02 18:00:00,SYN-DUDH-01,Dudhsagar Synthetic Rainfall Station,15.31321535,74.31401199,0.0,0.0,0.0,8.2,No rain,SYNTHETIC_DEMO
2026-08-02 19:00:00,SYN-DUDH-01,Dudhsagar Synthetic Rainfall Station,15.31321535,74.31401199,0.0,0.0,0.0,8.2,No rain,SYNTHETIC_DEMO
2026-08-02 20:00:00,SYN-DUDH-01,Dudhsagar Synthetic Rainfall Station,15.31321535,74.31401199,0.0,0.0,0.0,8.2,No rain,SYNTHETIC_DEMO
2026-08-02 21:00:00,SYN-DUDH-01,Dudhsagar Synthetic Rainfall Station,15.31321535,74.31401199,0.0,0.0,0.0,8.2,No rain,SYNTHETIC_DEMO
2026-08-02 22:00:00,SYN-DUDH-01,Dudhsagar Synthetic Rainfall Station,15.31321535,74.31401199,0.0,0.0,0.0,8.2,No rain,SYNTHETIC_DEMO
2026-08-02 23:00:00,SYN-DUDH-01,Dudhsagar Synthetic Rainfall Station,15.31321535,74.31401199,0.0,0.0,0.0,8.2,No rain,SYNTHETIC_DEMO
2026-08-03 00:00:00,SYN-DUDH-01,Dudhsagar Synthetic Rainfall Station,15.31321535,74.31401199,0.0,0.0,0.0,8.2,No rain,SYNTHETIC_DEMO
2026-08-03 01:00:00,SYN-DUDH-01,Dudhsagar Synthetic Rainfall Station,15.31321535,74.31401199,1.1,1.1,1.1,9.3,Light,SYNTHETIC_DEMO
2026-08-03 02:00:00,SYN-DUDH-01,Dudhsagar Synthetic Rainfall Station,15.31321535,74.31401199,0.0,1.1,1.1,9.3,No rain,SYNTHETIC_DEMO
2026-08-03 03:00:00,SYN-DUDH-01,Dudhsagar Synthetic Rainfall Station,15.31321535,74.31401199,6.6,7.7,7.7,15.8,Moderate,SYNTHETIC_DEMO
2026-08-03 04:00:00,SYN-DUDH-01,Dudhsagar Synthetic Rainfall Station,15.31321535,74.31401199,0.0,6.6,7.7,14.6,No rain,SYNTHETIC_DEMO
2026-08-03 05:00:00,SYN-DUDH-01,Dudhsagar Synthetic Rainfall Station,15.31321535,74.31401199,0.0,6.6,7.7,14.6,No rain,SYNTHETIC_DEMO
2026-08-03 06:00:00,SYN-DUDH-01,Dudhsagar Synthetic Rainfall Station,15.31321535,74.31401199,0.0,0.0,7.7,14.6,No rain,SYNTHETIC_DEMO
2026-08-03 07:00:00,SYN-DUDH-01,Dudhsagar Synthetic Rainfall Station,15.31321535,74.31401199,0.0,0.0,6.6,14.6,No rain,SYNTHETIC_DEMO
2026-08-03 08:00:00,SYN-DUDH-01,Dudhsagar Synthetic Rainfall Station,15.31321535,74.31401199,0.0,0.0,6.6,14.6,No rain,SYNTHETIC_DEMO
2026-08-03 09:00:00,SYN-DUDH-01,Dudhsagar Synthetic Rainfall Station,15.31321535,74.31401199,0.0,0.0,0.0,14.6,No rain,SYNTHETIC_DEMO
2026-08-03 10:00:00,SYN-DUDH-01,Dudhsagar Synthetic Rainfall Station,15.31321535,74.31401199,1.2,1.2,1.2,15.8,Light,SYNTHETIC_DEMO
2026-08-03 11:00:00,SYN-DUDH-01,Dudhsagar Synthetic Rainfall Station,15.31321535,74.31401199,2.5,3.7,3.7,18.3,Moderate,SYNTHETIC_DEMO
2026-08-03 12:00:00,SYN-DUDH-01,Dudhsagar Synthetic Rainfall Station,15.31321535,74.31401199,0.0,3.7,3.7,11.4,No rain,SYNTHETIC_DEMO
2026-08-03 13:00:00,SYN-DUDH-01,Dudhsagar Synthetic Rainfall Station,15.31321535,74.31401199,0.0,2.5,3.7,11.4,No rain,SYNTHETIC_DEMO
2026-08-03 14:00:00,SYN-DUDH-01,Dudhsagar Synthetic Rainfall Station,15.31321535,74.31401199,0.0,0.0,3.7,11.4,No rain,SYNTHETIC_DEMO
2026-08-03 15:00:00,SYN-DUDH-01,Dudhsagar Synthetic Rainfall Station,15.31321535,74.31401199,0.0,0.0,3.7,11.4,No rain,SYNTHETIC_DEMO
2026-08-03 16:00:00,SYN-DUDH-01,Dudhsagar Synthetic Rainfall Station,15.31321535,74.31401199,0.0,0.0,2.5,11.4,No rain,SYNTHETIC_DEMO
2026-08-03 17:00:00,SYN-DUDH-01,Dudhsagar Synthetic Rainfall Station,15.31321535,74.31401199,0.0,0.0,0.0,11.4,No rain,SYNTHETIC_DEMO
2026-08-03 18:00:00,SYN-DUDH-01,Dudhsagar Synthetic Rainfall Station,15.31321535,74.31401199,0.0,0.0,0.0,11.4,No rain,SYNTHETIC_DEMO
2026-08-03 19:00:00,SYN-DUDH-01,Dudhsagar Synthetic Rainfall Station,15.31321535,74.31401199,0.0,0.0,0.0,11.4,No rain,SYNTHETIC_DEMO
2026-08-03 20:00:00,SYN-DUDH-01,Dudhsagar Synthetic Rainfall Station,15.31321535,74.31401199,3.0,3.0,3.0,14.4,Moderate,SYNTHETIC_DEMO
2026-08-03 21:00:00,SYN-DUDH-01,Dudhsagar Synthetic Rainfall Station,15.31321535,74.31401199,0.0,3.0,3.0,14.4,No rain,SYNTHETIC_DEMO
2026-08-03 22:00:00,SYN-DUDH-01,Dudhsagar Synthetic Rainfall Station,15.31321535,74.31401199,0.0,3.0,3.0,14.4,No rain,SYNTHETIC_DEMO
2026-08-03 23:00:00,SYN-DUDH-01,Dudhsagar Synthetic Rainfall Station,15.31321535,74.31401199,0.0,0.0,3.0,14.4,No rain,SYNTHETIC_DEMO
2026-08-04 00:00:00,SYN-DUDH-01,Dudhsagar Synthetic Rainfall Station,15.31321535,74.31401199,0.0,0.0,3.0,14.4,No rain,SYNTHETIC_DEMO
2026-08-04 01:00:00,SYN-DUDH-01,Dudhsagar Synthetic Rainfall Station,15.31321535,74.31401199,0.0,0.0,3.0,13.3,No rain,SYNTHETIC_DEMO
2026-08-04 02:00:00,SYN-DUDH-01,Dudhsagar Synthetic Rainfall Station,15.31321535,74.31401199,1.1,1.1,1.1,14.4,Light,SYNTHETIC_DEMO
2026-08-04 03:00:00,SYN-DUDH-01,Dudhsagar Synthetic Rainfall Station,15.31321535,74.31401199,0.0,1.1,1.1,7.8,No rain,SYNTHETIC_DEMO
2026-08-04 04:00:00,SYN-DUDH-01,Dudhsagar Synthetic Rainfall Station,15.31321535,74.31401199,0.0,1.1,1.1,7.8,No rain,SYNTHETIC_DEMO
2026-08-04 05:00:00,SYN-DUDH-01,Dudhsagar Synthetic Rainfall Station,15.31321535,74.31401199,0.0,0.0,1.1,7.8,No rain,SYNTHETIC_DEMO
2026-08-04 06:00:00,SYN-DUDH-01,Dudhsagar Synthetic Rainfall Station,15.31321535,74.31401199,0.0,0.0,1.1,7.8,No rain,SYNTHETIC_DEMO
2026-08-04 07:00:00,SYN-DUDH-01,Dudhsagar Synthetic Rainfall Station,15.31321535,74.31401199,0.0,0.0,1.1,7.8,No rain,SYNTHETIC_DEMO
2026-08-04 08:00:00,SYN-DUDH-01,Dudhsagar Synthetic Rainfall Station,15.31321535,74.31401199,0.0,0.0,0.0,7.8,No rain,SYNTHETIC_DEMO
2026-08-04 09:00:00,SYN-DUDH-01,Dudhsagar Synthetic Rainfall Station,15.31321535,74.31401199,0.0,0.0,0.0,7.8,No rain,SYNTHETIC_DEMO
2026-08-04 10:00:00,SYN-DUDH-01,Dudhsagar Synthetic Rainfall Station,15.31321535,74.31401199,0.0,0.0,0.0,6.6,No rain,SYNTHETIC_DEMO
2026-08-04 11:00:00,SYN-DUDH-01,Dudhsagar Synthetic Rainfall Station,15.31321535,74.31401199,2.5,2.5,2.5,6.6,Moderate,SYNTHETIC_DEMO
2026-08-04 12:00:00,SYN-DUDH-01,Dudhsagar Synthetic Rainfall Station,15.31321535,74.31401199,0.5,3.0,3.0,7.1,Light,SYNTHETIC_DEMO
2026-08-04 13:00:00,SYN-DUDH-01,Dudhsagar Synthetic Rainfall Station,15.31321535,74.31401199,2.2,5.2,5.2,9.3,Light,SYNTHETIC_DEMO
2026-08-04 14:00:00,SYN-DUDH-01,Dudhsagar Synthetic Rainfall Station,15.31321535,74.31401199,0.0,2.7,5.2,9.3,No rain,SYNTHETIC_DEMO
2026-08-04 15:00:00,SYN-DUDH-01,Dudhsagar Synthetic Rainfall Station,15.31321535,74.31401199,0.0,2.2,5.2,9.3,No rain,SYNTHETIC_DEMO
2026-08-04 16:00:00,SYN-DUDH-01,Dudhsagar Synthetic Rainfall Station,15.31321535,74.31401199,2.8,2.8,8.0,12.1,Moderate,SYNTHETIC_DEMO
2026-08-04 17:00:00,SYN-DUDH-01,Dudhsagar Synthetic Rainfall Station,15.31321535,74.31401199,0.0,2.8,5.5,12.1,No rain,SYNTHETIC_DEMO
2026-08-04 18:00:00,SYN-DUDH-01,Dudhsagar Synthetic Rainfall Station,15.31321535,74.31401199,0.1,2.9,5.1,12.2,Light,SYNTHETIC_DEMO
2026-08-04 19:00:00,SYN-DUDH-01,Dudhsagar Synthetic Rainfall Station,15.31321535,74.31401199,0.0,0.1,2.9,12.2,No rain,SYNTHETIC_DEMO
2026-08-04 20:00:00,SYN-DUDH-01,Dudhsagar Synthetic Rainfall Station,15.31321535,74.31401199,0.0,0.1,2.9,9.2,No rain,SYNTHETIC_DEMO
2026-08-04 21:00:00,SYN-DUDH-01,Dudhsagar Synthetic Rainfall Station,15.31321535,74.31401199,0.0,0.0,2.9,9.2,No rain,SYNTHETIC_DEMO
2026-08-04 22:00:00,SYN-DUDH-01,Dudhsagar Synthetic Rainfall Station,15.31321535,74.31401199,0.0,0.0,0.1,9.2,No rain,SYNTHETIC_DEMO
2026-08-04 23:00:00,SYN-DUDH-01,Dudhsagar Synthetic Rainfall Station,15.31321535,74.31401199,80.0,80.0,80.1,89.2,Extreme,SYNTHETIC_DEMO
2026-08-05 00:00:00,SYN-DUDH-01,Dudhsagar Synthetic Rainfall Station,15.31321535,74.31401199,28.2,108.2,108.2,117.4,Heavy,SYNTHETIC_DEMO
2026-08-05 01:00:00,SYN-DUDH-01,Dudhsagar Synthetic Rainfall Station,15.31321535,74.31401199,80.0,188.2,188.2,197.4,Extreme,SYNTHETIC_DEMO
2026-08-05 02:00:00,SYN-DUDH-01,Dudhsagar Synthetic Rainfall Station,15.31321535,74.31401199,78.0,186.2,266.2,274.3,Extreme,SYNTHETIC_DEMO
2026-08-05 03:00:00,SYN-DUDH-01,Dudhsagar Synthetic Rainfall Station,15.31321535,74.31401199,79.8,237.8,346.0,354.1,Extreme,SYNTHETIC_DEMO
2026-08-05 04:00:00,SYN-DUDH-01,Dudhsagar Synthetic Rainfall Station,15.31321535,74.31401199,28.5,186.3,374.5,382.6,Heavy,SYNTHETIC_DEMO
2026-08-05 05:00:00,SYN-DUDH-01,Dudhsagar Synthetic Rainfall Station,15.31321535,74.31401199,56.1,164.4,350.6,438.7,Extreme,SYNTHETIC_DEMO
2026-08-05 06:00:00,SYN-DUDH-01,Dudhsagar Synthetic Rainfall Station,15.31321535,74.31401199,80.0,164.6,402.4,518.7,Extreme,SYNTHETIC_DEMO
2026-08-05 07:00:00,SYN-DUDH-01,Dudhsagar Synthetic Rainfall Station,15.31321535,74.31401199,80.0,216.1,402.4,598.7,Extreme,SYNTHETIC_DEMO
2026-08-05 08:00:00,SYN-DUDH-01,Dudhsagar Synthetic Rainfall Station,15.31321535,74.31401199,62.3,222.3,386.7,661.0,Extreme,SYNTHETIC_DEMO
2026-08-05 09:00:00,SYN-DUDH-01,Dudhsagar Synthetic Rainfall Station,15.31321535,74.31401199,80.0,222.3,386.9,741.0,Extreme,SYNTHETIC_DEMO
2026-08-05 10:00:00,SYN-DUDH-01,Dudhsagar Synthetic Rainfall Station,15.31321535,74.31401199,70.6,212.9,429.0,811.6,Extreme,SYNTHETIC_DEMO
2026-08-05 11:00:00,SYN-DUDH-01,Dudhsagar Synthetic Rainfall Station,15.31321535,74.31401199,64.0,214.6,436.9,873.1,Extreme,SYNTHETIC_DEMO
2026-08-05 12:00:00,SYN-DUDH-01,Dudhsagar Synthetic Rainfall Station,15.31321535,74.31401199,53.6,188.2,410.5,926.2,Extreme,SYNTHETIC_DEMO
2026-08-05 13:00:00,SYN-DUDH-01,Dudhsagar Synthetic Rainfall Station,15.31321535,74.31401199,66.1,183.7,396.6,990.1,Extreme,SYNTHETIC_DEMO
2026-08-05 14:00:00,SYN-DUDH-01,Dudhsagar Synthetic Rainfall Station,15.31321535,74.31401199,80.0,199.7,414.3,1070.1,Extreme,SYNTHETIC_DEMO
2026-08-05 15:00:00,SYN-DUDH-01,Dudhsagar Synthetic Rainfall Station,15.31321535,74.31401199,80.0,226.1,414.3,1150.1,Extreme,SYNTHETIC_DEMO
2026-08-05 16:00:00,SYN-DUDH-01,Dudhsagar Synthetic Rainfall Station,15.31321535,74.31401199,0.0,160.0,343.7,1147.3,No rain,SYNTHETIC_DEMO
2026-08-05 17:00:00,SYN-DUDH-01,Dudhsagar Synthetic Rainfall Station,15.31321535,74.31401199,0.0,80.0,279.7,1147.3,No rain,SYNTHETIC_DEMO
2026-08-05 18:00:00,SYN-DUDH-01,Dudhsagar Synthetic Rainfall Station,15.31321535,74.31401199,4.3,4.3,230.4,1151.5,Moderate,SYNTHETIC_DEMO
2026-08-05 19:00:00,SYN-DUDH-01,Dudhsagar Synthetic Rainfall Station,15.31321535,74.31401199,0.0,4.3,164.3,1151.5,No rain,SYNTHETIC_DEMO
2026-08-05 20:00:00,SYN-DUDH-01,Dudhsagar Synthetic Rainfall Station,15.31321535,74.31401199,0.0,4.3,84.3,1151.5,No rain,SYNTHETIC_DEMO
2026-08-05 21:00:00,SYN-DUDH-01,Dudhsagar Synthetic Rainfall Station,15.31321535,74.31401199,0.0,0.0,4.3,1151.5,No rain,SYNTHETIC_DEMO
2026-08-05 22:00:00,SYN-DUDH-01,Dudhsagar Synthetic Rainfall Station,15.31321535,74.31401199,0.0,0.0,4.3,1151.5,No rain,SYNTHETIC_DEMO
2026-08-05 23:00:00,SYN-DUDH-01,Dudhsagar Synthetic Rainfall Station,15.31321535,74.31401199,0.0,0.0,4.3,1071.5,No rain,SYNTHETIC_DEMO
2026-08-06 00:00:00,SYN-DUDH-01,Dudhsagar Synthetic Rainfall Station,15.31321535,74.31401199,0.0,0.0,0.0,1043.3,No rain,SYNTHETIC_DEMO
2026-08-06 01:00:00,SYN-DUDH-01,Dudhsagar Synthetic Rainfall Station,15.31321535,74.31401199,0.0,0.0,0.0,963.3,No rain,SYNTHETIC_DEMO
2026-08-06 02:00:00,SYN-DUDH-01,Dudhsagar Synthetic Rainfall Station,15.31321535,74.31401199,4.7,4.7,4.7,890.0,Moderate,SYNTHETIC_DEMO
2026-08-06 03:00:00,SYN-DUDH-01,Dudhsagar Synthetic Rainfall Station,15.31321535,74.31401199,0.0,4.7,4.7,810.2,No rain,SYNTHETIC_DEMO
2026-08-06 04:00:00,SYN-DUDH-01,Dudhsagar Synthetic Rainfall Station,15.31321535,74.31401199,3.8,8.5,8.5,785.5,Moderate,SYNTHETIC_DEMO
2026-08-06 05:00:00,SYN-DUDH-01,Dudhsagar Synthetic Rainfall Station,15.31321535,74.31401199,0.0,3.8,8.5,729.4,No rain,SYNTHETIC_DEMO
2026-08-06 06:00:00,SYN-DUDH-01,Dudhsagar Synthetic Rainfall Station,15.31321535,74.31401199,0.0,3.8,8.5,649.4,No rain,SYNTHETIC_DEMO
2026-08-06 07:00:00,SYN-DUDH-01,Dudhsagar Synthetic Rainfall Station,15.31321535,74.31401199,5.5,5.5,14.0,574.9,Moderate,SYNTHETIC_DEMO
2026-08-06 08:00:00,SYN-DUDH-01,Dudhsagar Synthetic Rainfall Station,15.31321535,74.31401199,0.5,6.0,9.8,513.1,Light,SYNTHETIC_DEMO
2026-08-06 09:00:00,SYN-DUDH-01,Dudhsagar Synthetic Rainfall Station,15.31321535,74.31401199,0.0,6.0,9.8,433.1,No rain,SYNTHETIC_DEMO
2026-08-06 10:00:00,SYN-DUDH-01,Dudhsagar Synthetic Rainfall Station,15.31321535,74.31401199,6.4,6.9,12.4,368.9,Moderate,SYNTHETIC_DEMO
2026-08-06 11:00:00,SYN-DUDH-01,Dudhsagar Synthetic Rainfall Station,15.31321535,74.31401199,0.0,6.4,12.4,304.9,No rain,SYNTHETIC_DEMO
2026-08-06 12:00:00,SYN-DUDH-01,Dudhsagar Synthetic Rainfall Station,15.31321535,74.31401199,0.0,6.4,12.4,251.3,No rain,SYNTHETIC_DEMO
2026-08-06 13:00:00,SYN-DUDH-01,Dudhsagar Synthetic Rainfall Station,15.31321535,74.31401199,0.0,0.0,6.9,185.2,No rain,SYNTHETIC_DEMO
2026-08-06 14:00:00,SYN-DUDH-01,Dudhsagar Synthetic Rainfall Station,15.31321535,74.31401199,0.0,0.0,6.4,105.2,No rain,SYNTHETIC_DEMO
2026-08-06 15:00:00,SYN-DUDH-01,Dudhsagar Synthetic Rainfall Station,15.31321535,74.31401199,1.1,1.1,7.5,26.3,Light,SYNTHETIC_DEMO
2026-08-06 16:00:00,SYN-DUDH-01,Dudhsagar Synthetic Rainfall Station,15.31321535,74.31401199,0.0,1.1,1.1,26.3,No rain,SYNTHETIC_DEMO
2026-08-06 17:00:00,SYN-DUDH-01,Dudhsagar Synthetic Rainfall Station,15.31321535,74.31401199,0.0,1.1,1.1,26.3,No rain,SYNTHETIC_DEMO
2026-08-06 18:00:00,SYN-DUDH-01,Dudhsagar Synthetic Rainfall Station,15.31321535,74.31401199,0.0,0.0,1.1,22.0,No rain,SYNTHETIC_DEMO
2026-08-06 19:00:00,SYN-DUDH-01,Dudhsagar Synthetic Rainfall Station,15.31321535,74.31401199,3.3,3.3,4.4,25.3,Moderate,SYNTHETIC_DEMO
2026-08-06 20:00:00,SYN-DUDH-01,Dudhsagar Synthetic Rainfall Station,15.31321535,74.31401199,0.0,3.3,4.4,25.3,No rain,SYNTHETIC_DEMO
2026-08-06 21:00:00,SYN-DUDH-01,Dudhsagar Synthetic Rainfall Station,15.31321535,74.31401199,0.0,3.3,3.3,25.3,No rain,SYNTHETIC_DEMO
2026-08-06 22:00:00,SYN-DUDH-01,Dudhsagar Synthetic Rainfall Station,15.31321535,74.31401199,0.0,0.0,3.3,25.3,No rain,SYNTHETIC_DEMO
2026-08-06 23:00:00,SYN-DUDH-01,Dudhsagar Synthetic Rainfall Station,15.31321535,74.31401199,0.0,0.0,3.3,25.3,No rain,SYNTHETIC_DEMO
2026-08-07 00:00:00,SYN-DUDH-01,Dudhsagar Synthetic Rainfall Station,15.31321535,74.31401199,0.0,0.0,3.3,25.3,No rain,SYNTHETIC_DEMO
2026-08-07 01:00:00,SYN-DUDH-01,Dudhsagar Synthetic Rainfall Station,15.31321535,74.31401199,0.0,0.0,0.0,25.3,No rain,SYNTHETIC_DEMO
2026-08-07 02:00:00,SYN-DUDH-01,Dudhsagar Synthetic Rainfall Station,15.31321535,74.31401199,0.0,0.0,0.0,20.6,No rain,SYNTHETIC_DEMO
2026-08-07 03:00:00,SYN-DUDH-01,Dudhsagar Synthetic Rainfall Station,15.31321535,74.31401199,0.0,0.0,0.0,20.6,No rain,SYNTHETIC_DEMO
2026-08-07 04:00:00,SYN-DUDH-01,Dudhsagar Synthetic Rainfall Station,15.31321535,74.31401199,0.0,0.0,0.0,16.8,No rain,SYNTHETIC_DEMO
2026-08-07 05:00:00,SYN-DUDH-01,Dudhsagar Synthetic Rainfall Station,15.31321535,74.31401199,10.4,10.4,10.4,27.2,Moderate,SYNTHETIC_DEMO
2026-08-07 06:00:00,SYN-DUDH-01,Dudhsagar Synthetic Rainfall Station,15.31321535,74.31401199,0.0,10.4,10.4,27.2,No rain,SYNTHETIC_DEMO
2026-08-07 07:00:00,SYN-DUDH-01,Dudhsagar Synthetic Rainfall Station,15.31321535,74.31401199,0.0,10.4,10.4,21.7,No rain,SYNTHETIC_DEMO
2026-08-07 08:00:00,SYN-DUDH-01,Dudhsagar Synthetic Rainfall Station,15.31321535,74.31401199,2.1,2.1,12.5,23.3,Light,SYNTHETIC_DEMO
2026-08-07 09:00:00,SYN-DUDH-01,Dudhsagar Synthetic Rainfall Station,15.31321535,74.31401199,0.0,2.1,12.5,23.3,No rain,SYNTHETIC_DEMO
2026-08-07 10:00:00,SYN-DUDH-01,Dudhsagar Synthetic Rainfall Station,15.31321535,74.31401199,3.0,5.1,15.5,19.9,Moderate,SYNTHETIC_DEMO
2026-08-07 11:00:00,SYN-DUDH-01,Dudhsagar Synthetic Rainfall Station,15.31321535,74.31401199,0.0,3.0,5.1,19.9,No rain,SYNTHETIC_DEMO
2026-08-07 12:00:00,SYN-DUDH-01,Dudhsagar Synthetic Rainfall Station,15.31321535,74.31401199,0.0,3.0,5.1,19.9,No rain,SYNTHETIC_DEMO
2026-08-07 13:00:00,SYN-DUDH-01,Dudhsagar Synthetic Rainfall Station,15.31321535,74.31401199,0.0,0.0,5.1,19.9,No rain,SYNTHETIC_DEMO
2026-08-07 14:00:00,SYN-DUDH-01,Dudhsagar Synthetic Rainfall Station,15.31321535,74.31401199,0.0,0.0,3.0,19.9,No rain,SYNTHETIC_DEMO
2026-08-07 15:00:00,SYN-DUDH-01,Dudhsagar Synthetic Rainfall Station,15.31321535,74.31401199,0.0,0.0,3.0,18.8,No rain,SYNTHETIC_DEMO
2026-08-07 16:00:00,SYN-DUDH-01,Dudhsagar Synthetic Rainfall Station,15.31321535,74.31401199,1.1,1.1,1.1,19.9,Light,SYNTHETIC_DEMO
2026-08-07 17:00:00,SYN-DUDH-01,Dudhsagar Synthetic Rainfall Station,15.31321535,74.31401199,0.0,1.1,1.1,19.9,No rain,SYNTHETIC_DEMO
2026-08-07 18:00:00,SYN-DUDH-01,Dudhsagar Synthetic Rainfall Station,15.31321535,74.31401199,0.0,1.1,1.1,19.9,No rain,SYNTHETIC_DEMO
2026-08-07 19:00:00,SYN-DUDH-01,Dudhsagar Synthetic Rainfall Station,15.31321535,74.31401199,10.3,10.3,11.4,26.9,Moderate,SYNTHETIC_DEMO
2026-08-07 20:00:00,SYN-DUDH-01,Dudhsagar Synthetic Rainfall Station,15.31321535,74.31401199,0.0,10.3,11.4,26.9,No rain,SYNTHETIC_DEMO
2026-08-07 21:00:00,SYN-DUDH-01,Dudhsagar Synthetic Rainfall Station,15.31321535,74.31401199,0.0,10.3,11.4,26.9,No rain,SYNTHETIC_DEMO
2026-08-07 22:00:00,SYN-DUDH-01,Dudhsagar Synthetic Rainfall Station,15.31321535,74.31401199,0.0,0.0,10.3,26.9,No rain,SYNTHETIC_DEMO
2026-08-07 23:00:00,SYN-DUDH-01,Dudhsagar Synthetic Rainfall Station,15.31321535,74.31401199,0.0,0.0,10.3,26.9,No rain,SYNTHETIC_DEMO
2026-08-08 00:00:00,SYN-DUDH-01,Dudhsagar Synthetic Rainfall Station,15.31321535,74.31401199,0.0,0.0,10.3,26.9,No rain,SYNTHETIC_DEMO
2026-08-08 01:00:00,SYN-DUDH-01,Dudhsagar Synthetic Rainfall Station,15.31321535,74.31401199,0.0,0.0,0.0,26.9,No rain,SYNTHETIC_DEMO
2026-08-08 02:00:00,SYN-DUDH-01,Dudhsagar Synthetic Rainfall Station,15.31321535,74.31401199,0.0,0.0,0.0,26.9,No rain,SYNTHETIC_DEMO
2026-08-08 03:00:00,SYN-DUDH-01,Dudhsagar Synthetic Rainfall Station,15.31321535,74.31401199,0.0,0.0,0.0,26.9,No rain,SYNTHETIC_DEMO
2026-08-08 04:00:00,SYN-DUDH-01,Dudhsagar Synthetic Rainfall Station,15.31321535,74.31401199,0.0,0.0,0.0,26.9,No rain,SYNTHETIC_DEMO
2026-08-08 05:00:00,SYN-DUDH-01,Dudhsagar Synthetic Rainfall Station,15.31321535,74.31401199,0.0,0.0,0.0,16.5,No rain,SYNTHETIC_DEMO
2026-08-08 06:00:00,SYN-DUDH-01,Dudhsagar Synthetic Rainfall Station,15.31321535,74.31401199,1.2,1.2,1.2,17.7,Light,SYNTHETIC_DEMO
2026-08-08 07:00:00,SYN-DUDH-01,Dudhsagar Synthetic Rainfall Station,15.31321535,74.31401199,5.0,6.2,6.2,22.7,Moderate,SYNTHETIC_DEMO
2026-08-08 08:00:00,SYN-DUDH-01,Dudhsagar Synthetic Rainfall Station,15.31321535,74.31401199,0.0,6.2,6.2,20.6,No rain,SYNTHETIC_DEMO
2026-08-08 09:00:00,SYN-DUDH-01,Dudhsagar Synthetic Rainfall Station,15.31321535,74.31401199,0.0,5.0,6.2,20.6,No rain,SYNTHETIC_DEMO
2026-08-08 10:00:00,SYN-DUDH-01,Dudhsagar Synthetic Rainfall Station,15.31321535,74.31401199,0.0,0.0,6.2,17.6,No rain,SYNTHETIC_DEMO
2026-08-08 11:00:00,SYN-DUDH-01,Dudhsagar Synthetic Rainfall Station,15.31321535,74.31401199,0.0,0.0,6.2,17.6,No rain,SYNTHETIC_DEMO
2026-08-08 12:00:00,SYN-DUDH-01,Dudhsagar Synthetic Rainfall Station,15.31321535,74.31401199,0.0,0.0,5.0,17.6,No rain,SYNTHETIC_DEMO
2026-08-08 13:00:00,SYN-DUDH-01,Dudhsagar Synthetic Rainfall Station,15.31321535,74.31401199,0.0,0.0,0.0,17.6,No rain,SYNTHETIC_DEMO
2026-08-08 14:00:00,SYN-DUDH-01,Dudhsagar Synthetic Rainfall Station,15.31321535,74.31401199,0.0,0.0,0.0,17.6,No rain,SYNTHETIC_DEMO
2026-08-08 15:00:00,SYN-DUDH-01,Dudhsagar Synthetic Rainfall Station,15.31321535,74.31401199,0.0,0.0,0.0,17.6,No rain,SYNTHETIC_DEMO
2026-08-08 16:00:00,SYN-DUDH-01,Dudhsagar Synthetic Rainfall Station,15.31321535,74.31401199,0.0,0.0,0.0,16.5,No rain,SYNTHETIC_DEMO
2026-08-08 17:00:00,SYN-DUDH-01,Dudhsagar Synthetic Rainfall Station,15.31321535,74.31401199,0.0,0.0,0.0,16.5,No rain,SYNTHETIC_DEMO
2026-08-08 18:00:00,SYN-DUDH-01,Dudhsagar Synthetic Rainfall Station,15.31321535,74.31401199,0.0,0.0,0.0,16.5,No rain,SYNTHETIC_DEMO
2026-08-08 19:00:00,SYN-DUDH-01,Dudhsagar Synthetic Rainfall Station,15.31321535,74.31401199,7.5,7.5,7.5,13.7,Moderate,SYNTHETIC_DEMO
2026-08-08 20:00:00,SYN-DUDH-01,Dudhsagar Synthetic Rainfall Station,15.31321535,74.31401199,0.0,7.5,7.5,13.7,No rain,SYNTHETIC_DEMO
2026-08-08 21:00:00,SYN-DUDH-01,Dudhsagar Synthetic Rainfall Station,15.31321535,74.31401199,0.0,7.5,7.5,13.7,No rain,SYNTHETIC_DEMO
2026-08-08 22:00:00,SYN-DUDH-01,Dudhsagar Synthetic Rainfall Station,15.31321535,74.31401199,0.0,0.0,7.5,13.7,No rain,SYNTHETIC_DEMO
2026-08-08 23:00:00,SYN-DUDH-01,Dudhsagar Synthetic Rainfall Station,15.31321535,74.31401199,0.0,0.0,7.5,13.7,No rain,SYNTHETIC_DEMO
2026-08-09 00:00:00,SYN-DUDH-01,Dudhsagar Synthetic Rainfall Station,15.31321535,74.31401199,5.3,5.3,12.8,19.0,Moderate,SYNTHETIC_DEMO
2026-08-09 01:00:00,SYN-DUDH-01,Dudhsagar Synthetic Rainfall Station,15.31321535,74.31401199,0.0,5.3,5.3,19.0,No rain,SYNTHETIC_DEMO
2026-08-09 02:00:00,SYN-DUDH-01,Dudhsagar Synthetic Rainfall Station,15.31321535,74.31401199,4.0,9.3,9.3,23.0,Moderate,SYNTHETIC_DEMO
2026-08-09 03:00:00,SYN-DUDH-01,Dudhsagar Synthetic Rainfall Station,15.31321535,74.31401199,3.2,7.2,12.5,26.2,Moderate,SYNTHETIC_DEMO
2026-08-09 04:00:00,SYN-DUDH-01,Dudhsagar Synthetic Rainfall Station,15.31321535,74.31401199,0.0,7.2,12.5,26.2,No rain,SYNTHETIC_DEMO
2026-08-09 05:00:00,SYN-DUDH-01,Dudhsagar Synthetic Rainfall Station,15.31321535,74.31401199,0.0,3.2,12.5,26.2,No rain,SYNTHETIC_DEMO
2026-08-09 06:00:00,SYN-DUDH-01,Dudhsagar Synthetic Rainfall Station,15.31321535,74.31401199,0.0,0.0,7.2,25.0,No rain,SYNTHETIC_DEMO
2026-08-09 07:00:00,SYN-DUDH-01,Dudhsagar Synthetic Rainfall Station,15.31321535,74.31401199,0.0,0.0,7.2,20.0,No rain,SYNTHETIC_DEMO
2026-08-09 08:00:00,SYN-DUDH-01,Dudhsagar Synthetic Rainfall Station,15.31321535,74.31401199,0.0,0.0,3.2,20.0,No rain,SYNTHETIC_DEMO
2026-08-09 09:00:00,SYN-DUDH-01,Dudhsagar Synthetic Rainfall Station,15.31321535,74.31401199,0.0,0.0,0.0,20.0,No rain,SYNTHETIC_DEMO
2026-08-09 10:00:00,SYN-DUDH-01,Dudhsagar Synthetic Rainfall Station,15.31321535,74.31401199,0.0,0.0,0.0,20.0,No rain,SYNTHETIC_DEMO
2026-08-09 11:00:00,SYN-DUDH-01,Dudhsagar Synthetic Rainfall Station,15.31321535,74.31401199,0.8,0.8,0.8,20.8,Light,SYNTHETIC_DEMO
2026-08-09 12:00:00,SYN-DUDH-01,Dudhsagar Synthetic Rainfall Station,15.31321535,74.31401199,10.0,10.8,10.8,30.8,Moderate,SYNTHETIC_DEMO
2026-08-09 13:00:00,SYN-DUDH-01,Dudhsagar Synthetic Rainfall Station,15.31321535,74.31401199,0.0,10.8,10.8,30.8,No rain,SYNTHETIC_DEMO
2026-08-09 14:00:00,SYN-DUDH-01,Dudhsagar Synthetic Rainfall Station,15.31321535,74.31401199,3.7,13.7,14.5,34.5,Moderate,SYNTHETIC_DEMO
2026-08-09 15:00:00,SYN-DUDH-01,Dudhsagar Synthetic Rainfall Station,15.31321535,74.31401199,0.0,3.7,14.5,34.5,No rain,SYNTHETIC_DEMO
2026-08-09 16:00:00,SYN-DUDH-01,Dudhsagar Synthetic Rainfall Station,15.31321535,74.31401199,3.0,6.7,17.5,37.5,Moderate,SYNTHETIC_DEMO
2026-08-09 17:00:00,SYN-DUDH-01,Dudhsagar Synthetic Rainfall Station,15.31321535,74.31401199,0.0,3.0,16.7,37.5,No rain,SYNTHETIC_DEMO
2026-08-09 18:00:00,SYN-DUDH-01,Dudhsagar Synthetic Rainfall Station,15.31321535,74.31401199,0.0,3.0,6.7,37.5,No rain,SYNTHETIC_DEMO
2026-08-09 19:00:00,SYN-DUDH-01,Dudhsagar Synthetic Rainfall Station,15.31321535,74.31401199,0.0,0.0,6.7,30.0,No rain,SYNTHETIC_DEMO
2026-08-09 20:00:00,SYN-DUDH-01,Dudhsagar Synthetic Rainfall Station,15.31321535,74.31401199,0.0,0.0,3.0,30.0,No rain,SYNTHETIC_DEMO
2026-08-09 21:00:00,SYN-DUDH-01,Dudhsagar Synthetic Rainfall Station,15.31321535,74.31401199,0.0,0.0,3.0,30.0,No rain,SYNTHETIC_DEMO
2026-08-09 22:00:00,SYN-DUDH-01,Dudhsagar Synthetic Rainfall Station,15.31321535,74.31401199,0.0,0.0,0.0,30.0,No rain,SYNTHETIC_DEMO
2026-08-09 23:00:00,SYN-DUDH-01,Dudhsagar Synthetic Rainfall Station,15.31321535,74.31401199,0.0,0.0,0.0,30.0,No rain,SYNTHETIC_DEMO
2026-08-10 00:00:00,SYN-DUDH-01,Dudhsagar Synthetic Rainfall Station,15.31321535,74.31401199,1.0,1.0,1.0,25.7,Light,SYNTHETIC_DEMO
2026-08-10 01:00:00,SYN-DUDH-01,Dudhsagar Synthetic Rainfall Station,15.31321535,74.31401199,3.2,4.2,4.2,28.9,Moderate,SYNTHETIC_DEMO
2026-08-10 02:00:00,SYN-DUDH-01,Dudhsagar Synthetic Rainfall Station,15.31321535,74.31401199,0.0,4.2,4.2,24.9,No rain,SYNTHETIC_DEMO
2026-08-10 03:00:00,SYN-DUDH-01,Dudhsagar Synthetic Rainfall Station,15.31321535,74.31401199,0.0,3.2,4.2,21.7,No rain,SYNTHETIC_DEMO
2026-08-10 04:00:00,SYN-DUDH-01,Dudhsagar Synthetic Rainfall Station,15.31321535,74.31401199,26.8,26.8,31.0,48.5,Heavy,SYNTHETIC_DEMO
2026-08-10 05:00:00,SYN-DUDH-01,Dudhsagar Synthetic Rainfall Station,15.31321535,74.31401199,46.3,73.1,77.3,94.8,Very heavy,SYNTHETIC_DEMO
2026-08-10 06:00:00,SYN-DUDH-01,Dudhsagar Synthetic Rainfall Station,15.31321535,74.31401199,31.2,104.3,107.5,126.0,Very heavy,SYNTHETIC_DEMO
2026-08-10 07:00:00,SYN-DUDH-01,Dudhsagar Synthetic Rainfall Station,15.31321535,74.31401199,66.1,143.6,170.4,192.1,Extreme,SYNTHETIC_DEMO
2026-08-10 08:00:00,SYN-DUDH-01,Dudhsagar Synthetic Rainfall Station,15.31321535,74.31401199,51.7,149.0,222.1,243.8,Extreme,SYNTHETIC_DEMO
2026-08-10 09:00:00,SYN-DUDH-01,Dudhsagar Synthetic Rainfall Station,15.31321535,74.31401199,78.3,196.1,300.4,322.1,Extreme,SYNTHETIC_DEMO
2026-08-10 10:00:00,SYN-DUDH-01,Dudhsagar Synthetic Rainfall Station,15.31321535,74.31401199,80.0,210.0,353.6,402.1,Extreme,SYNTHETIC_DEMO
2026-08-10 11:00:00,SYN-DUDH-01,Dudhsagar Synthetic Rainfall Station,15.31321535,74.31401199,10.9,169.2,318.2,412.2,Moderate,SYNTHETIC_DEMO
2026-08-10 12:00:00,SYN-DUDH-01,Dudhsagar Synthetic Rainfall Station,15.31321535,74.31401199,52.4,143.3,339.4,454.6,Extreme,SYNTHETIC_DEMO
2026-08-10 13:00:00,SYN-DUDH-01,Dudhsagar Synthetic Rainfall Station,15.31321535,74.31401199,80.0,143.3,353.3,534.6,Extreme,SYNTHETIC_DEMO
2026-08-10 14:00:00,SYN-DUDH-01,Dudhsagar Synthetic Rainfall Station,15.31321535,74.31401199,49.4,181.8,351.0,580.3,Very heavy,SYNTHETIC_DEMO
2026-08-10 15:00:00,SYN-DUDH-01,Dudhsagar Synthetic Rainfall Station,15.31321535,74.31401199,45.5,174.9,318.2,625.8,Very heavy,SYNTHETIC_DEMO
2026-08-10 16:00:00,SYN-DUDH-01,Dudhsagar Synthetic Rainfall Station,15.31321535,74.31401199,80.0,174.9,318.2,702.8,Extreme,SYNTHETIC_DEMO
2026-08-10 17:00:00,SYN-DUDH-01,Dudhsagar Synthetic Rainfall Station,15.31321535,74.31401199,80.0,205.5,387.3,782.8,Extreme,SYNTHETIC_DEMO
2026-08-10 18:00:00,SYN-DUDH-01,Dudhsagar Synthetic Rainfall Station,15.31321535,74.31401199,33.4,193.4,368.3,816.2,Very heavy,SYNTHETIC_DEMO
2026-08-10 19:00:00,SYN-DUDH-01,Dudhsagar Synthetic Rainfall Station,15.31321535,74.31401199,80.0,193.4,368.3,896.2,Extreme,SYNTHETIC_DEMO
2026-08-10 20:00:00,SYN-DUDH-01,Dudhsagar Synthetic Rainfall Station,15.31321535,74.31401199,38.5,151.9,357.4,934.7,Very heavy,SYNTHETIC_DEMO
2026-08-10 21:00:00,SYN-DUDH-01,Dudhsagar Synthetic Rainfall Station,15.31321535,74.31401199,45.2,163.7,357.1,979.9,Very heavy,SYNTHETIC_DEMO
2026-08-10 22:00:00,SYN-DUDH-01,Dudhsagar Synthetic Rainfall Station,15.31321535,74.31401199,36.5,120.2,313.6,1016.4,Very heavy,SYNTHETIC_DEMO
2026-08-10 23:00:00,SYN-DUDH-01,Dudhsagar Synthetic Rainfall Station,15.31321535,74.31401199,27.6,109.3,261.2,1044.0,Heavy,SYNTHETIC_DEMO
2026-08-11 00:00:00,SYN-DUDH-01,Dudhsagar Synthetic Rainfall Station,15.31321535,74.31401199,68.4,132.5,296.2,1111.4,Extreme,SYNTHETIC_DEMO
2026-08-11 01:00:00,SYN-DUDH-01,Dudhsagar Synthetic Rainfall Station,15.31321535,74.31401199,23.8,119.8,240.0,1132.0,Heavy,SYNTHETIC_DEMO
2026-08-11 02:00:00,SYN-DUDH-01,Dudhsagar Synthetic Rainfall Station,15.31321535,74.31401199,0.0,92.2,201.5,1132.0,No rain,SYNTHETIC_DEMO
2026-08-11 03:00:00,SYN-DUDH-01,Dudhsagar Synthetic Rainfall Station,15.31321535,74.31401199,0.0,23.8,156.3,1132.0,No rain,SYNTHETIC_DEMO
2026-08-11 04:00:00,SYN-DUDH-01,Dudhsagar Synthetic Rainfall Station,15.31321535,74.31401199,0.0,0.0,119.8,1105.2,No rain,SYNTHETIC_DEMO
2026-08-11 05:00:00,SYN-DUDH-01,Dudhsagar Synthetic Rainfall Station,15.31321535,74.31401199,0.0,0.0,92.2,1058.9,No rain,SYNTHETIC_DEMO
2026-08-11 06:00:00,SYN-DUDH-01,Dudhsagar Synthetic Rainfall Station,15.31321535,74.31401199,0.0,0.0,23.8,1027.7,No rain,SYNTHETIC_DEMO
2026-08-11 07:00:00,SYN-DUDH-01,Dudhsagar Synthetic Rainfall Station,15.31321535,74.31401199,0.0,0.0,0.0,961.6,No rain,SYNTHETIC_DEMO
2026-08-11 08:00:00,SYN-DUDH-01,Dudhsagar Synthetic Rainfall Station,15.31321535,74.31401199,0.0,0.0,0.0,909.9,No rain,SYNTHETIC_DEMO
2026-08-11 09:00:00,SYN-DUDH-01,Dudhsagar Synthetic Rainfall Station,15.31321535,74.31401199,0.0,0.0,0.0,831.6,No rain,SYNTHETIC_DEMO
2026-08-11 10:00:00,SYN-DUDH-01,Dudhsagar Synthetic Rainfall Station,15.31321535,74.31401199,0.0,0.0,0.0,751.6,No rain,SYNTHETIC_DEMO
2026-08-11 11:00:00,SYN-DUDH-01,Dudhsagar Synthetic Rainfall Station,15.31321535,74.31401199,0.0,0.0,0.0,740.7,No rain,SYNTHETIC_DEMO
2026-08-11 12:00:00,SYN-DUDH-01,Dudhsagar Synthetic Rainfall Station,15.31321535,74.31401199,0.0,0.0,0.0,688.3,No rain,SYNTHETIC_DEMO
2026-08-11 13:00:00,SYN-DUDH-01,Dudhsagar Synthetic Rainfall Station,15.31321535,74.31401199,0.0,0.0,0.0,608.3,No rain,SYNTHETIC_DEMO
2026-08-11 14:00:00,SYN-DUDH-01,Dudhsagar Synthetic Rainfall Station,15.31321535,74.31401199,0.0,0.0,0.0,558.9,No rain,SYNTHETIC_DEMO
2026-08-11 15:00:00,SYN-DUDH-01,Dudhsagar Synthetic Rainfall Station,15.31321535,74.31401199,0.0,0.0,0.0,513.4,No rain,SYNTHETIC_DEMO
2026-08-11 16:00:00,SYN-DUDH-01,Dudhsagar Synthetic Rainfall Station,15.31321535,74.31401199,0.0,0.0,0.0,433.4,No rain,SYNTHETIC_DEMO
2026-08-11 17:00:00,SYN-DUDH-01,Dudhsagar Synthetic Rainfall Station,15.31321535,74.31401199,1.5,1.5,1.5,354.9,Light,SYNTHETIC_DEMO
2026-08-11 18:00:00,SYN-DUDH-01,Dudhsagar Synthetic Rainfall Station,15.31321535,74.31401199,4.5,6.0,6.0,326.0,Moderate,SYNTHETIC_DEMO
2026-08-11 19:00:00,SYN-DUDH-01,Dudhsagar Synthetic Rainfall Station,15.31321535,74.31401199,0.0,6.0,6.0,246.0,No rain,SYNTHETIC_DEMO
2026-08-11 20:00:00,SYN-DUDH-01,Dudhsagar Synthetic Rainfall Station,15.31321535,74.31401199,0.4,4.9,6.4,207.9,Light,SYNTHETIC_DEMO
2026-08-11 21:00:00,SYN-DUDH-01,Dudhsagar Synthetic Rainfall Station,15.31321535,74.31401199,0.0,0.4,6.4,162.7,No rain,SYNTHETIC_DEMO
2026-08-11 22:00:00,SYN-DUDH-01,Dudhsagar Synthetic Rainfall Station,15.31321535,74.31401199,0.0,0.4,6.4,126.2,No rain,SYNTHETIC_DEMO
2026-08-11 23:00:00,SYN-DUDH-01,Dudhsagar Synthetic Rainfall Station,15.31321535,74.31401199,6.4,6.4,11.3,105.0,Moderate,SYNTHETIC_DEMO
2026-08-12 00:00:00,SYN-DUDH-01,Dudhsagar Synthetic Rainfall Station,15.31321535,74.31401199,0.0,6.4,6.8,36.6,No rain,SYNTHETIC_DEMO
2026-08-12 01:00:00,SYN-DUDH-01,Dudhsagar Synthetic Rainfall Station,15.31321535,74.31401199,6.5,12.9,13.3,19.3,Moderate,SYNTHETIC_DEMO
2026-08-12 02:00:00,SYN-DUDH-01,Dudhsagar Synthetic Rainfall Station,15.31321535,74.31401199,0.0,6.5,12.9,19.3,No rain,SYNTHETIC_DEMO
2026-08-12 03:00:00,SYN-DUDH-01,Dudhsagar Synthetic Rainfall Station,15.31321535,74.31401199,1.3,7.8,14.2,20.6,Light,SYNTHETIC_DEMO
2026-08-12 04:00:00,SYN-DUDH-01,Dudhsagar Synthetic Rainfall Station,15.31321535,74.31401199,4.0,5.3,18.2,24.6,Moderate,SYNTHETIC_DEMO
2026-08-12 05:00:00,SYN-DUDH-01,Dudhsagar Synthetic Rainfall Station,15.31321535,74.31401199,7.7,13.0,19.5,32.3,Moderate,SYNTHETIC_DEMO
2026-08-12 06:00:00,SYN-DUDH-01,Dudhsagar Synthetic Rainfall Station,15.31321535,74.31401199,2.7,14.4,22.2,35.0,Moderate,SYNTHETIC_DEMO
2026-08-12 07:00:00,SYN-DUDH-01,Dudhsagar Synthetic Rainfall Station,15.31321535,74.31401199,2.3,12.7,18.0,37.3,Light,SYNTHETIC_DEMO
2026-08-12 08:00:00,SYN-DUDH-01,Dudhsagar Synthetic Rainfall Station,15.31321535,74.31401199,2.5,7.5,20.5,39.8,Moderate,SYNTHETIC_DEMO
2026-08-12 09:00:00,SYN-DUDH-01,Dudhsagar Synthetic Rainfall Station,15.31321535,74.31401199,0.0,4.8,19.2,39.8,No rain,SYNTHETIC_DEMO
2026-08-12 10:00:00,SYN-DUDH-01,Dudhsagar Synthetic Rainfall Station,15.31321535,74.31401199,0.0,2.5,15.2,39.8,No rain,SYNTHETIC_DEMO
2026-08-12 11:00:00,SYN-DUDH-01,Dudhsagar Synthetic Rainfall Station,15.31321535,74.31401199,0.0,0.0,7.5,39.8,No rain,SYNTHETIC_DEMO
2026-08-12 12:00:00,SYN-DUDH-01,Dudhsagar Synthetic Rainfall Station,15.31321535,74.31401199,0.0,0.0,4.8,39.8,No rain,SYNTHETIC_DEMO
2026-08-12 13:00:00,SYN-DUDH-01,Dudhsagar Synthetic Rainfall Station,15.31321535,74.31401199,0.0,0.0,2.5,39.8,No rain,SYNTHETIC_DEMO
2026-08-12 14:00:00,SYN-DUDH-01,Dudhsagar Synthetic Rainfall Station,15.31321535,74.31401199,0.0,0.0,0.0,39.8,No rain,SYNTHETIC_DEMO
2026-08-12 15:00:00,SYN-DUDH-01,Dudhsagar Synthetic Rainfall Station,15.31321535,74.31401199,0.0,0.0,0.0,39.8,No rain,SYNTHETIC_DEMO
2026-08-12 16:00:00,SYN-DUDH-01,Dudhsagar Synthetic Rainfall Station,15.31321535,74.31401199,3.7,3.7,3.7,43.5,Moderate,SYNTHETIC_DEMO
2026-08-12 17:00:00,SYN-DUDH-01,Dudhsagar Synthetic Rainfall Station,15.31321535,74.31401199,0.0,3.7,3.7,42.0,No rain,SYNTHETIC_DEMO
2026-08-12 18:00:00,SYN-DUDH-01,Dudhsagar Synthetic Rainfall Station,15.31321535,74.31401199,0.0,3.7,3.7,37.5,No rain,SYNTHETIC_DEMO
2026-08-12 19:00:00,SYN-DUDH-01,Dudhsagar Synthetic Rainfall Station,15.31321535,74.31401199,0.0,0.0,3.7,37.5,No rain,SYNTHETIC_DEMO
2026-08-12 20:00:00,SYN-DUDH-01,Dudhsagar Synthetic Rainfall Station,15.31321535,74.31401199,0.0,0.0,3.7,37.1,No rain,SYNTHETIC_DEMO
2026-08-12 21:00:00,SYN-DUDH-01,Dudhsagar Synthetic Rainfall Station,15.31321535,74.31401199,0.0,0.0,3.7,37.1,No rain,SYNTHETIC_DEMO
2026-08-12 22:00:00,SYN-DUDH-01,Dudhsagar Synthetic Rainfall Station,15.31321535,74.31401199,1.7,1.7,1.7,38.8,Light,SYNTHETIC_DEMO
2026-08-12 23:00:00,SYN-DUDH-01,Dudhsagar Synthetic Rainfall Station,15.31321535,74.31401199,0.0,1.7,1.7,32.4,No rain,SYNTHETIC_DEMO
2026-08-13 00:00:00,SYN-DUDH-01,Dudhsagar Synthetic Rainfall Station,15.31321535,74.31401199,0.0,1.7,1.7,32.4,No rain,SYNTHETIC_DEMO
2026-08-13 01:00:00,SYN-DUDH-01,Dudhsagar Synthetic Rainfall Station,15.31321535,74.31401199,2.1,2.1,3.8,28.0,Light,SYNTHETIC_DEMO
2026-08-13 02:00:00,SYN-DUDH-01,Dudhsagar Synthetic Rainfall Station,15.31321535,74.31401199,0.0,2.1,3.8,28.0,No rain,SYNTHETIC_DEMO
2026-08-13 03:00:00,SYN-DUDH-01,Dudhsagar Synthetic Rainfall Station,15.31321535,74.31401199,3.8,5.9,7.6,30.5,Moderate,SYNTHETIC_DEMO
2026-08-13 04:00:00,SYN-DUDH-01,Dudhsagar Synthetic Rainfall Station,15.31321535,74.31401199,0.0,3.8,5.9,26.5,No rain,SYNTHETIC_DEMO
2026-08-13 05:00:00,SYN-DUDH-01,Dudhsagar Synthetic Rainfall Station,15.31321535,74.31401199,1.9,5.7,7.8,20.7,Light,SYNTHETIC_DEMO
2026-08-13 06:00:00,SYN-DUDH-01,Dudhsagar Synthetic Rainfall Station,15.31321535,74.31401199,0.0,1.9,7.8,18.0,No rain,SYNTHETIC_DEMO
2026-08-13 07:00:00,SYN-DUDH-01,Dudhsagar Synthetic Rainfall Station,15.31321535,74.31401199,0.0,1.9,5.7,15.7,No rain,SYNTHETIC_DEMO
2026-08-13 08:00:00,SYN-DUDH-01,Dudhsagar Synthetic Rainfall Station,15.31321535,74.31401199,0.0,0.0,5.7,13.2,No rain,SYNTHETIC_DEMO
2026-08-13 09:00:00,SYN-DUDH-01,Dudhsagar Synthetic Rainfall Station,15.31321535,74.31401199,0.0,0.0,1.9,13.2,No rain,SYNTHETIC_DEMO
2026-08-13 10:00:00,SYN-DUDH-01,Dudhsagar Synthetic Rainfall Station,15.31321535,74.31401199,0.0,0.0,1.9,13.2,No rain,SYNTHETIC_DEMO
2026-08-13 11:00:00,SYN-DUDH-01,Dudhsagar Synthetic Rainfall Station,15.31321535,74.31401199,0.0,0.0,0.0,13.2,No rain,SYNTHETIC_DEMO
2026-08-13 12:00:00,SYN-DUDH-01,Dudhsagar Synthetic Rainfall Station,15.31321535,74.31401199,0.0,0.0,0.0,13.2,No rain,SYNTHETIC_DEMO
2026-08-13 13:00:00,SYN-DUDH-01,Dudhsagar Synthetic Rainfall Station,15.31321535,74.31401199,0.9,0.9,0.9,14.1,Light,SYNTHETIC_DEMO
2026-08-13 14:00:00,SYN-DUDH-01,Dudhsagar Synthetic Rainfall Station,15.31321535,74.31401199,0.0,0.9,0.9,14.1,No rain,SYNTHETIC_DEMO
2026-08-13 15:00:00,SYN-DUDH-01,Dudhsagar Synthetic Rainfall Station,15.31321535,74.31401199,0.0,0.9,0.9,14.1,No rain,SYNTHETIC_DEMO
2026-08-13 16:00:00,SYN-DUDH-01,Dudhsagar Synthetic Rainfall Station,15.31321535,74.31401199,0.0,0.0,0.9,10.4,No rain,SYNTHETIC_DEMO
2026-08-13 17:00:00,SYN-DUDH-01,Dudhsagar Synthetic Rainfall Station,15.31321535,74.31401199,0.0,0.0,0.9,10.4,No rain,SYNTHETIC_DEMO
2026-08-13 18:00:00,SYN-DUDH-01,Dudhsagar Synthetic Rainfall Station,15.31321535,74.31401199,0.0,0.0,0.9,10.4,No rain,SYNTHETIC_DEMO
2026-08-13 19:00:00,SYN-DUDH-01,Dudhsagar Synthetic Rainfall Station,15.31321535,74.31401199,0.0,0.0,0.0,10.4,No rain,SYNTHETIC_DEMO
2026-08-13 20:00:00,SYN-DUDH-01,Dudhsagar Synthetic Rainfall Station,15.31321535,74.31401199,0.0,0.0,0.0,10.4,No rain,SYNTHETIC_DEMO
2026-08-13 21:00:00,SYN-DUDH-01,Dudhsagar Synthetic Rainfall Station,15.31321535,74.31401199,3.1,3.1,3.1,13.5,Moderate,SYNTHETIC_DEMO
2026-08-13 22:00:00,SYN-DUDH-01,Dudhsagar Synthetic Rainfall Station,15.31321535,74.31401199,0.0,3.1,3.1,11.8,No rain,SYNTHETIC_DEMO
2026-08-13 23:00:00,SYN-DUDH-01,Dudhsagar Synthetic Rainfall Station,15.31321535,74.31401199,0.0,3.1,3.1,11.8,No rain,SYNTHETIC_DEMO
2026-08-14 00:00:00,SYN-DUDH-01,Dudhsagar Synthetic Rainfall Station,15.31321535,74.31401199,0.0,0.0,3.1,11.8,No rain,SYNTHETIC_DEMO
2026-08-14 01:00:00,SYN-DUDH-01,Dudhsagar Synthetic Rainfall Station,15.31321535,74.31401199,0.0,0.0,3.1,9.7,No rain,SYNTHETIC_DEMO
2026-08-14 02:00:00,SYN-DUDH-01,Dudhsagar Synthetic Rainfall Station,15.31321535,74.31401199,0.0,0.0,3.1,9.7,No rain,SYNTHETIC_DEMO
2026-08-14 03:00:00,SYN-DUDH-01,Dudhsagar Synthetic Rainfall Station,15.31321535,74.31401199,0.0,0.0,0.0,5.9,No rain,SYNTHETIC_DEMO
2026-08-14 04:00:00,SYN-DUDH-01,Dudhsagar Synthetic Rainfall Station,15.31321535,74.31401199,0.0,0.0,0.0,5.9,No rain,SYNTHETIC_DEMO
2026-08-14 05:00:00,SYN-DUDH-01,Dudhsagar Synthetic Rainfall Station,15.31321535,74.31401199,0.0,0.0,0.0,4.0,No rain,SYNTHETIC_DEMO
2026-08-14 06:00:00,SYN-DUDH-01,Dudhsagar Synthetic Rainfall Station,15.31321535,74.31401199,0.0,0.0,0.0,4.0,No rain,SYNTHETIC_DEMO
2026-08-14 07:00:00,SYN-DUDH-01,Dudhsagar Synthetic Rainfall Station,15.31321535,74.31401199,0.0,0.0,0.0,4.0,No rain,SYNTHETIC_DEMO
2026-08-14 08:00:00,SYN-DUDH-01,Dudhsagar Synthetic Rainfall Station,15.31321535,74.31401199,0.0,0.0,0.0,4.0,No rain,SYNTHETIC_DEMO
2026-08-14 09:00:00,SYN-DUDH-01,Dudhsagar Synthetic Rainfall Station,15.31321535,74.31401199,0.0,0.0,0.0,4.0,No rain,SYNTHETIC_DEMO
2026-08-14 10:00:00,SYN-DUDH-01,Dudhsagar Synthetic Rainfall Station,15.31321535,74.31401199,0.0,0.0,0.0,4.0,No rain,SYNTHETIC_DEMO
2026-08-14 11:00:00,SYN-DUDH-01,Dudhsagar Synthetic Rainfall Station,15.31321535,74.31401199,0.0,0.0,0.0,4.0,No rain,SYNTHETIC_DEMO
2026-08-14 12:00:00,SYN-DUDH-01,Dudhsagar Synthetic Rainfall Station,15.31321535,74.31401199,0.0,0.0,0.0,4.0,No rain,SYNTHETIC_DEMO
2026-08-14 13:00:00,SYN-DUDH-01,Dudhsagar Synthetic Rainfall Station,15.31321535,74.31401199,0.0,0.0,0.0,3.1,No rain,SYNTHETIC_DEMO
2026-08-14 14:00:00,SYN-DUDH-01,Dudhsagar Synthetic Rainfall Station,15.31321535,74.31401199,0.0,0.0,0.0,3.1,No rain,SYNTHETIC_DEMO
2026-08-14 15:00:00,SYN-DUDH-01,Dudhsagar Synthetic Rainfall Station,15.31321535,74.31401199,0.0,0.0,0.0,3.1,No rain,SYNTHETIC_DEMO
2026-08-14 16:00:00,SYN-DUDH-01,Dudhsagar Synthetic Rainfall Station,15.31321535,74.31401199,0.0,0.0,0.0,3.1,No rain,SYNTHETIC_DEMO
2026-08-14 17:00:00,SYN-DUDH-01,Dudhsagar Synthetic Rainfall Station,15.31321535,74.31401199,0.0,0.0,0.0,3.1,No rain,SYNTHETIC_DEMO
2026-08-14 18:00:00,SYN-DUDH-01,Dudhsagar Synthetic Rainfall Station,15.31321535,74.31401199,0.0,0.0,0.0,3.1,No rain,SYNTHETIC_DEMO
2026-08-14 19:00:00,SYN-DUDH-01,Dudhsagar Synthetic Rainfall Station,15.31321535,74.31401199,0.0,0.0,0.0,3.1,No rain,SYNTHETIC_DEMO
2026-08-14 20:00:00,SYN-DUDH-01,Dudhsagar Synthetic Rainfall Station,15.31321535,74.31401199,0.0,0.0,0.0,3.1,No rain,SYNTHETIC_DEMO
2026-08-14 21:00:00,SYN-DUDH-01,Dudhsagar Synthetic Rainfall Station,15.31321535,74.31401199,0.0,0.0,0.0,0.0,No rain,SYNTHETIC_DEMO
2026-08-14 22:00:00,SYN-DUDH-01,Dudhsagar Synthetic Rainfall Station,15.31321535,74.31401199,7.3,7.3,7.3,7.3,Moderate,SYNTHETIC_DEMO
2026-08-14 23:00:00,SYN-DUDH-01,Dudhsagar Synthetic Rainfall Station,15.31321535,74.31401199,0.0,7.3,7.3,7.3,No rain,SYNTHETIC_DEMO
2026-08-15 00:00:00,SYN-DUDH-01,Dudhsagar Synthetic Rainfall Station,15.31321535,74.31401199,4.1,11.4,11.4,11.4,Moderate,SYNTHETIC_DEMO
2026-08-15 01:00:00,SYN-DUDH-01,Dudhsagar Synthetic Rainfall Station,15.31321535,74.31401199,0.0,4.1,11.4,11.4,No rain,SYNTHETIC_DEMO
2026-08-15 02:00:00,SYN-DUDH-01,Dudhsagar Synthetic Rainfall Station,15.31321535,74.31401199,0.9,5.0,12.3,12.3,Light,SYNTHETIC_DEMO
2026-08-15 03:00:00,SYN-DUDH-01,Dudhsagar Synthetic Rainfall Station,15.31321535,74.31401199,0.0,0.9,12.3,12.3,No rain,SYNTHETIC_DEMO
2026-08-15 04:00:00,SYN-DUDH-01,Dudhsagar Synthetic Rainfall Station,15.31321535,74.31401199,1.5,2.4,6.5,13.8,Light,SYNTHETIC_DEMO
2026-08-15 05:00:00,SYN-DUDH-01,Dudhsagar Synthetic Rainfall Station,15.31321535,74.31401199,0.0,1.5,6.5,13.8,No rain,SYNTHETIC_DEMO
2026-08-15 06:00:00,SYN-DUDH-01,Dudhsagar Synthetic Rainfall Station,15.31321535,74.31401199,0.0,1.5,2.4,13.8,No rain,SYNTHETIC_DEMO
2026-08-15 07:00:00,SYN-DUDH-01,Dudhsagar Synthetic Rainfall Station,15.31321535,74.31401199,0.0,0.0,2.4,13.8,No rain,SYNTHETIC_DEMO
2026-08-15 08:00:00,SYN-DUDH-01,Dudhsagar Synthetic Rainfall Station,15.31321535,74.31401199,0.0,0.0,1.5,13.8,No rain,SYNTHETIC_DEMO
2026-08-15 09:00:00,SYN-DUDH-01,Dudhsagar Synthetic Rainfall Station,15.31321535,74.31401199,0.0,0.0,1.5,13.8,No rain,SYNTHETIC_DEMO
2026-08-15 10:00:00,SYN-DUDH-01,Dudhsagar Synthetic Rainfall Station,15.31321535,74.31401199,0.0,0.0,0.0,13.8,No rain,SYNTHETIC_DEMO
2026-08-15 11:00:00,SYN-DUDH-01,Dudhsagar Synthetic Rainfall Station,15.31321535,74.31401199,0.0,0.0,0.0,13.8,No rain,SYNTHETIC_DEMO
2026-08-15 12:00:00,SYN-DUDH-01,Dudhsagar Synthetic Rainfall Station,15.31321535,74.31401199,0.0,0.0,0.0,13.8,No rain,SYNTHETIC_DEMO
2026-08-15 13:00:00,SYN-DUDH-01,Dudhsagar Synthetic Rainfall Station,15.31321535,74.31401199,2.2,2.2,2.2,16.0,Light,SYNTHETIC_DEMO
2026-08-15 14:00:00,SYN-DUDH-01,Dudhsagar Synthetic Rainfall Station,15.31321535,74.31401199,0.0,2.2,2.2,16.0,No rain,SYNTHETIC_DEMO
2026-08-15 15:00:00,SYN-DUDH-01,Dudhsagar Synthetic Rainfall Station,15.31321535,74.31401199,10.6,12.8,12.8,26.6,Moderate,SYNTHETIC_DEMO
2026-08-15 16:00:00,SYN-DUDH-01,Dudhsagar Synthetic Rainfall Station,15.31321535,74.31401199,0.0,10.6,12.8,26.6,No rain,SYNTHETIC_DEMO
2026-08-15 17:00:00,SYN-DUDH-01,Dudhsagar Synthetic Rainfall Station,15.31321535,74.31401199,0.0,10.6,12.8,26.6,No rain,SYNTHETIC_DEMO
2026-08-15 18:00:00,SYN-DUDH-01,Dudhsagar Synthetic Rainfall Station,15.31321535,74.31401199,0.0,0.0,12.8,26.6,No rain,SYNTHETIC_DEMO
2026-08-15 19:00:00,SYN-DUDH-01,Dudhsagar Synthetic Rainfall Station,15.31321535,74.31401199,0.0,0.0,10.6,26.6,No rain,SYNTHETIC_DEMO
2026-08-15 20:00:00,SYN-DUDH-01,Dudhsagar Synthetic Rainfall Station,15.31321535,74.31401199,80.0,80.0,90.6,106.6,Extreme,SYNTHETIC_DEMO
2026-08-15 21:00:00,SYN-DUDH-01,Dudhsagar Synthetic Rainfall Station,15.31321535,74.31401199,80.0,160.0,160.0,186.6,Extreme,SYNTHETIC_DEMO
2026-08-15 22:00:00,SYN-DUDH-01,Dudhsagar Synthetic Rainfall Station,15.31321535,74.31401199,80.0,240.0,240.0,259.3,Extreme,SYNTHETIC_DEMO
2026-08-15 23:00:00,SYN-DUDH-01,Dudhsagar Synthetic Rainfall Station,15.31321535,74.31401199,80.0,240.0,320.0,339.3,Extreme,SYNTHETIC_DEMO
2026-08-16 00:00:00,SYN-DUDH-01,Dudhsagar Synthetic Rainfall Station,15.31321535,74.31401199,75.0,235.0,395.0,410.2,Extreme,SYNTHETIC_DEMO
2026-08-16 01:00:00,SYN-DUDH-01,Dudhsagar Synthetic Rainfall Station,15.31321535,74.31401199,70.7,225.7,465.7,480.9,Extreme,SYNTHETIC_DEMO
2026-08-16 02:00:00,SYN-DUDH-01,Dudhsagar Synthetic Rainfall Station,15.31321535,74.31401199,80.0,225.7,465.7,560.0,Extreme,SYNTHETIC_DEMO
2026-08-16 03:00:00,SYN-DUDH-01,Dudhsagar Synthetic Rainfall Station,15.31321535,74.31401199,80.0,230.7,465.7,640.0,Extreme,SYNTHETIC_DEMO
2026-08-16 04:00:00,SYN-DUDH-01,Dudhsagar Synthetic Rainfall Station,15.31321535,74.31401199,80.0,240.0,465.7,718.5,Extreme,SYNTHETIC_DEMO
2026-08-16 05:00:00,SYN-DUDH-01,Dudhsagar Synthetic Rainfall Station,15.31321535,74.31401199,65.1,225.1,450.8,783.6,Extreme,SYNTHETIC_DEMO
2026-08-16 06:00:00,SYN-DUDH-01,Dudhsagar Synthetic Rainfall Station,15.31321535,74.31401199,61.8,206.9,437.6,845.4,Extreme,SYNTHETIC_DEMO
2026-08-16 07:00:00,SYN-DUDH-01,Dudhsagar Synthetic Rainfall Station,15.31321535,74.31401199,77.2,204.1,444.1,922.6,Extreme,SYNTHETIC_DEMO
2026-08-16 08:00:00,SYN-DUDH-01,Dudhsagar Synthetic Rainfall Station,15.31321535,74.31401199,80.0,219.0,444.1,1002.6,Extreme,SYNTHETIC_DEMO
2026-08-16 09:00:00,SYN-DUDH-01,Dudhsagar Synthetic Rainfall Station,15.31321535,74.31401199,80.0,237.2,444.1,1082.6,Extreme,SYNTHETIC_DEMO
2026-08-16 10:00:00,SYN-DUDH-01,Dudhsagar Synthetic Rainfall Station,15.31321535,74.31401199,80.0,240.0,444.1,1162.6,Extreme,SYNTHETIC_DEMO
2026-08-16 11:00:00,SYN-DUDH-01,Dudhsagar Synthetic Rainfall Station,15.31321535,74.31401199,49.5,209.5,428.5,1212.1,Very heavy,SYNTHETIC_DEMO
2026-08-16 12:00:00,SYN-DUDH-01,Dudhsagar Synthetic Rainfall Station,15.31321535,74.31401199,80.0,209.5,446.7,1292.1,Extreme,SYNTHETIC_DEMO
2026-08-16 13:00:00,SYN-DUDH-01,Dudhsagar Synthetic Rainfall Station,15.31321535,74.31401199,76.9,206.4,446.4,1366.8,Extreme,SYNTHETIC_DEMO
2026-08-16 14:00:00,SYN-DUDH-01,Dudhsagar Synthetic Rainfall Station,15.31321535,74.31401199,80.0,236.9,446.4,1446.8,Extreme,SYNTHETIC_DEMO
2026-08-16 15:00:00,SYN-DUDH-01,Dudhsagar Synthetic Rainfall Station,15.31321535,74.31401199,76.1,233.0,442.5,1512.3,Extreme,SYNTHETIC_DEMO
2026-08-16 16:00:00,SYN-DUDH-01,Dudhsagar Synthetic Rainfall Station,15.31321535,74.31401199,80.0,236.1,442.5,1592.3,Extreme,SYNTHETIC_DEMO
2026-08-16 17:00:00,SYN-DUDH-01,Dudhsagar Synthetic Rainfall Station,15.31321535,74.31401199,80.0,236.1,473.0,1672.3,Extreme,SYNTHETIC_DEMO
2026-08-16 18:00:00,SYN-DUDH-01,Dudhsagar Synthetic Rainfall Station,15.31321535,74.31401199,80.0,240.0,473.0,1752.3,Extreme,SYNTHETIC_DEMO
2026-08-16 19:00:00,SYN-DUDH-01,Dudhsagar Synthetic Rainfall Station,15.31321535,74.31401199,80.0,240.0,476.1,1832.3,Extreme,SYNTHETIC_DEMO
2026-08-16 20:00:00,SYN-DUDH-01,Dudhsagar Synthetic Rainfall Station,15.31321535,74.31401199,0.0,160.0,396.1,1752.3,No rain,SYNTHETIC_DEMO
2026-08-16 21:00:00,SYN-DUDH-01,Dudhsagar Synthetic Rainfall Station,15.31321535,74.31401199,0.0,80.0,320.0,1672.3,No rain,SYNTHETIC_DEMO
2026-08-16 22:00:00,SYN-DUDH-01,Dudhsagar Synthetic Rainfall Station,15.31321535,74.31401199,0.0,0.0,240.0,1592.3,No rain,SYNTHETIC_DEMO
2026-08-16 23:00:00,SYN-DUDH-01,Dudhsagar Synthetic Rainfall Station,15.31321535,74.31401199,0.0,0.0,160.0,1512.3,No rain,SYNTHETIC_DEMO
2026-08-17 00:00:00,SYN-DUDH-01,Dudhsagar Synthetic Rainfall Station,15.31321535,74.31401199,0.0,0.0,80.0,1437.3,No rain,SYNTHETIC_DEMO
2026-08-17 01:00:00,SYN-DUDH-01,Dudhsagar Synthetic Rainfall Station,15.31321535,74.31401199,0.0,0.0,0.0,1366.6,No rain,SYNTHETIC_DEMO
2026-08-17 02:00:00,SYN-DUDH-01,Dudhsagar Synthetic Rainfall Station,15.31321535,74.31401199,0.0,0.0,0.0,1286.6,No rain,SYNTHETIC_DEMO
2026-08-17 03:00:00,SYN-DUDH-01,Dudhsagar Synthetic Rainfall Station,15.31321535,74.31401199,0.0,0.0,0.0,1206.6,No rain,SYNTHETIC_DEMO
2026-08-17 04:00:00,SYN-DUDH-01,Dudhsagar Synthetic Rainfall Station,15.31321535,74.31401199,2.2,2.2,2.2,1128.8,Light,SYNTHETIC_DEMO
2026-08-17 05:00:00,SYN-DUDH-01,Dudhsagar Synthetic Rainfall Station,15.31321535,74.31401199,0.0,2.2,2.2,1063.7,No rain,SYNTHETIC_DEMO
2026-08-17 06:00:00,SYN-DUDH-01,Dudhsagar Synthetic Rainfall Station,15.31321535,74.31401199,0.0,2.2,2.2,1001.9,No rain,SYNTHETIC_DEMO
2026-08-17 07:00:00,SYN-DUDH-01,Dudhsagar Synthetic Rainfall Station,15.31321535,74.31401199,6.0,6.0,8.2,930.7,Moderate,SYNTHETIC_DEMO
2026-08-17 08:00:00,SYN-DUDH-01,Dudhsagar Synthetic Rainfall Station,15.31321535,74.31401199,0.0,6.0,8.2,850.7,No rain,SYNTHETIC_DEMO
2026-08-17 09:00:00,SYN-DUDH-01,Dudhsagar Synthetic Rainfall Station,15.31321535,74.31401199,0.0,6.0,8.2,770.7,No rain,SYNTHETIC_DEMO
2026-08-17 10:00:00,SYN-DUDH-01,Dudhsagar Synthetic Rainfall Station,15.31321535,74.31401199,3.8,3.8,9.8,694.5,Moderate,SYNTHETIC_DEMO
2026-08-17 11:00:00,SYN-DUDH-01,Dudhsagar Synthetic Rainfall Station,15.31321535,74.31401199,0.0,3.8,9.8,645.0,No rain,SYNTHETIC_DEMO
2026-08-17 12:00:00,SYN-DUDH-01,Dudhsagar Synthetic Rainfall Station,15.31321535,74.31401199,0.0,3.8,9.8,565.0,No rain,SYNTHETIC_DEMO
2026-08-17 13:00:00,SYN-DUDH-01,Dudhsagar Synthetic Rainfall Station,15.31321535,74.31401199,0.0,0.0,3.8,488.1,No rain,SYNTHETIC_DEMO
2026-08-17 14:00:00,SYN-DUDH-01,Dudhsagar Synthetic Rainfall Station,15.31321535,74.31401199,0.0,0.0,3.8,408.1,No rain,SYNTHETIC_DEMO
2026-08-17 15:00:00,SYN-DUDH-01,Dudhsagar Synthetic Rainfall Station,15.31321535,74.31401199,0.0,0.0,3.8,332.0,No rain,SYNTHETIC_DEMO
2026-08-17 16:00:00,SYN-DUDH-01,Dudhsagar Synthetic Rainfall Station,15.31321535,74.31401199,0.0,0.0,0.0,252.0,No rain,SYNTHETIC_DEMO
2026-08-17 17:00:00,SYN-DUDH-01,Dudhsagar Synthetic Rainfall Station,15.31321535,74.31401199,0.0,0.0,0.0,172.0,No rain,SYNTHETIC_DEMO
2026-08-17 18:00:00,SYN-DUDH-01,Dudhsagar Synthetic Rainfall Station,15.31321535,74.31401199,0.0,0.0,0.0,92.0,No rain,SYNTHETIC_DEMO
2026-08-17 19:00:00,SYN-DUDH-01,Dudhsagar Synthetic Rainfall Station,15.31321535,74.31401199,4.0,4.0,4.0,16.0,Moderate,SYNTHETIC_DEMO
2026-08-17 20:00:00,SYN-DUDH-01,Dudhsagar Synthetic Rainfall Station,15.31321535,74.31401199,0.0,4.0,4.0,16.0,No rain,SYNTHETIC_DEMO
2026-08-17 21:00:00,SYN-DUDH-01,Dudhsagar Synthetic Rainfall Station,15.31321535,74.31401199,0.0,4.0,4.0,16.0,No rain,SYNTHETIC_DEMO
2026-08-17 22:00:00,SYN-DUDH-01,Dudhsagar Synthetic Rainfall Station,15.31321535,74.31401199,0.0,0.0,4.0,16.0,No rain,SYNTHETIC_DEMO
2026-08-17 23:00:00,SYN-DUDH-01,Dudhsagar Synthetic Rainfall Station,15.31321535,74.31401199,0.0,0.0,4.0,16.0,No rain,SYNTHETIC_DEMO
2026-08-18 00:00:00,SYN-DUDH-01,Dudhsagar Synthetic Rainfall Station,15.31321535,74.31401199,1.1,1.1,5.1,17.1,Light,SYNTHETIC_DEMO
2026-08-18 01:00:00,SYN-DUDH-01,Dudhsagar Synthetic Rainfall Station,15.31321535,74.31401199,0.0,1.1,1.1,17.1,No rain,SYNTHETIC_DEMO
2026-08-18 02:00:00,SYN-DUDH-01,Dudhsagar Synthetic Rainfall Station,15.31321535,74.31401199,0.0,1.1,1.1,17.1,No rain,SYNTHETIC_DEMO
2026-08-18 03:00:00,SYN-DUDH-01,Dudhsagar Synthetic Rainfall Station,15.31321535,74.31401199,0.0,0.0,1.1,17.1,No rain,SYNTHETIC_DEMO
2026-08-18 04:00:00,SYN-DUDH-01,Dudhsagar Synthetic Rainfall Station,15.31321535,74.31401199,2.9,2.9,4.0,17.8,Moderate,SYNTHETIC_DEMO
2026-08-18 05:00:00,SYN-DUDH-01,Dudhsagar Synthetic Rainfall Station,15.31321535,74.31401199,0.0,2.9,4.0,17.8,No rain,SYNTHETIC_DEMO
2026-08-18 06:00:00,SYN-DUDH-01,Dudhsagar Synthetic Rainfall Station,15.31321535,74.31401199,1.6,4.5,4.5,19.4,Light,SYNTHETIC_DEMO
2026-08-18 07:00:00,SYN-DUDH-01,Dudhsagar Synthetic Rainfall Station,15.31321535,74.31401199,0.0,1.6,4.5,13.4,No rain,SYNTHETIC_DEMO
2026-08-18 08:00:00,SYN-DUDH-01,Dudhsagar Synthetic Rainfall Station,15.31321535,74.31401199,0.7,2.3,5.2,14.1,Light,SYNTHETIC_DEMO
2026-08-18 09:00:00,SYN-DUDH-01,Dudhsagar Synthetic Rainfall Station,15.31321535,74.31401199,0.0,0.7,5.2,14.1,No rain,SYNTHETIC_DEMO
2026-08-18 10:00:00,SYN-DUDH-01,Dudhsagar Synthetic Rainfall Station,15.31321535,74.31401199,0.0,0.7,2.3,10.3,No rain,SYNTHETIC_DEMO
2026-08-18 11:00:00,SYN-DUDH-01,Dudhsagar Synthetic Rainfall Station,15.31321535,74.31401199,0.0,0.0,2.3,10.3,No rain,SYNTHETIC_DEMO
2026-08-18 12:00:00,SYN-DUDH-01,Dudhsagar Synthetic Rainfall Station,15.31321535,74.31401199,0.0,0.0,0.7,10.3,No rain,SYNTHETIC_DEMO
2026-08-18 13:00:00,SYN-DUDH-01,Dudhsagar Synthetic Rainfall Station,15.31321535,74.31401199,1.7,1.7,2.4,12.0,Light,SYNTHETIC_DEMO
2026-08-18 14:00:00,SYN-DUDH-01,Dudhsagar Synthetic Rainfall Station,15.31321535,74.31401199,3.8,5.5,5.5,15.8,Moderate,SYNTHETIC_DEMO
2026-08-18 15:00:00,SYN-DUDH-01,Dudhsagar Synthetic Rainfall Station,15.31321535,74.31401199,5.3,10.8,10.8,21.1,Moderate,SYNTHETIC_DEMO
2026-08-18 16:00:00,SYN-DUDH-01,Dudhsagar Synthetic Rainfall Station,15.31321535,74.31401199,0.0,9.1,10.8,21.1,No rain,SYNTHETIC_DEMO
2026-08-18 17:00:00,SYN-DUDH-01,Dudhsagar Synthetic Rainfall Station,15.31321535,74.31401199,0.0,5.3,10.8,21.1,No rain,SYNTHETIC_DEMO
2026-08-18 18:00:00,SYN-DUDH-01,Dudhsagar Synthetic Rainfall Station,15.31321535,74.31401199,0.0,0.0,10.8,21.1,No rain,SYNTHETIC_DEMO
2026-08-18 19:00:00,SYN-DUDH-01,Dudhsagar Synthetic Rainfall Station,15.31321535,74.31401199,0.0,0.0,9.1,17.1,No rain,SYNTHETIC_DEMO
2026-08-18 20:00:00,SYN-DUDH-01,Dudhsagar Synthetic Rainfall Station,15.31321535,74.31401199,0.3,0.3,5.6,17.4,Light,SYNTHETIC_DEMO
2026-08-18 21:00:00,SYN-DUDH-01,Dudhsagar Synthetic Rainfall Station,15.31321535,74.31401199,0.0,0.3,0.3,17.4,No rain,SYNTHETIC_DEMO
2026-08-18 22:00:00,SYN-DUDH-01,Dudhsagar Synthetic Rainfall Station,15.31321535,74.31401199,0.0,0.3,0.3,17.4,No rain,SYNTHETIC_DEMO
2026-08-18 23:00:00,SYN-DUDH-01,Dudhsagar Synthetic Rainfall Station,15.31321535,74.31401199,0.0,0.0,0.3,17.4,No rain,SYNTHETIC_DEMO
2026-08-19 00:00:00,SYN-DUDH-01,Dudhsagar Synthetic Rainfall Station,15.31321535,74.31401199,0.0,0.0,0.3,16.3,No rain,SYNTHETIC_DEMO
2026-08-19 01:00:00,SYN-DUDH-01,Dudhsagar Synthetic Rainfall Station,15.31321535,74.31401199,0.0,0.0,0.3,16.3,No rain,SYNTHETIC_DEMO
2026-08-19 02:00:00,SYN-DUDH-01,Dudhsagar Synthetic Rainfall Station,15.31321535,74.31401199,3.0,3.0,3.0,19.3,Moderate,SYNTHETIC_DEMO
2026-08-19 03:00:00,SYN-DUDH-01,Dudhsagar Synthetic Rainfall Station,15.31321535,74.31401199,0.0,3.0,3.0,19.3,No rain,SYNTHETIC_DEMO
2026-08-19 04:00:00,SYN-DUDH-01,Dudhsagar Synthetic Rainfall Station,15.31321535,74.31401199,2.7,5.7,5.7,19.1,Moderate,SYNTHETIC_DEMO
2026-08-19 05:00:00,SYN-DUDH-01,Dudhsagar Synthetic Rainfall Station,15.31321535,74.31401199,0.0,2.7,5.7,19.1,No rain,SYNTHETIC_DEMO
2026-08-19 06:00:00,SYN-DUDH-01,Dudhsagar Synthetic Rainfall Station,15.31321535,74.31401199,0.0,2.7,5.7,17.5,No rain,SYNTHETIC_DEMO
2026-08-19 07:00:00,SYN-DUDH-01,Dudhsagar Synthetic Rainfall Station,15.31321535,74.31401199,0.0,0.0,5.7,17.5,No rain,SYNTHETIC_DEMO
2026-08-19 08:00:00,SYN-DUDH-01,Dudhsagar Synthetic Rainfall Station,15.31321535,74.31401199,0.0,0.0,2.7,16.8,No rain,SYNTHETIC_DEMO
2026-08-19 09:00:00,SYN-DUDH-01,Dudhsagar Synthetic Rainfall Station,15.31321535,74.31401199,3.6,3.6,6.3,20.4,Moderate,SYNTHETIC_DEMO
2026-08-19 10:00:00,SYN-DUDH-01,Dudhsagar Synthetic Rainfall Station,15.31321535,74.31401199,0.0,3.6,3.6,20.4,No rain,SYNTHETIC_DEMO
2026-08-19 11:00:00,SYN-DUDH-01,Dudhsagar Synthetic Rainfall Station,15.31321535,74.31401199,0.0,3.6,3.6,20.4,No rain,SYNTHETIC_DEMO
2026-08-19 12:00:00,SYN-DUDH-01,Dudhsagar Synthetic Rainfall Station,15.31321535,74.31401199,0.0,0.0,3.6,20.4,No rain,SYNTHETIC_DEMO
2026-08-19 13:00:00,SYN-DUDH-01,Dudhsagar Synthetic Rainfall Station,15.31321535,74.31401199,0.0,0.0,3.6,18.7,No rain,SYNTHETIC_DEMO
2026-08-19 14:00:00,SYN-DUDH-01,Dudhsagar Synthetic Rainfall Station,15.31321535,74.31401199,0.0,0.0,3.6,14.9,No rain,SYNTHETIC_DEMO
2026-08-19 15:00:00,SYN-DUDH-01,Dudhsagar Synthetic Rainfall Station,15.31321535,74.31401199,0.0,0.0,0.0,9.6,No rain,SYNTHETIC_DEMO
2026-08-19 16:00:00,SYN-DUDH-01,Dudhsagar Synthetic Rainfall Station,15.31321535,74.31401199,1.0,1.0,1.0,10.6,Light,SYNTHETIC_DEMO
2026-08-19 17:00:00,SYN-DUDH-01,Dudhsagar Synthetic Rainfall Station,15.31321535,74.31401199,0.0,1.0,1.0,10.6,No rain,SYNTHETIC_DEMO
2026-08-19 18:00:00,SYN-DUDH-01,Dudhsagar Synthetic Rainfall Station,15.31321535,74.31401199,1.0,2.0,2.0,11.6,Light,SYNTHETIC_DEMO
2026-08-19 19:00:00,SYN-DUDH-01,Dudhsagar Synthetic Rainfall Station,15.31321535,74.31401199,0.0,1.0,2.0,11.6,No rain,SYNTHETIC_DEMO
2026-08-19 20:00:00,SYN-DUDH-01,Dudhsagar Synthetic Rainfall Station,15.31321535,74.31401199,0.0,1.0,2.0,11.3,No rain,SYNTHETIC_DEMO
2026-08-19 21:00:00,SYN-DUDH-01,Dudhsagar Synthetic Rainfall Station,15.31321535,74.31401199,7.5,7.5,9.5,18.8,Moderate,SYNTHETIC_DEMO
2026-08-19 22:00:00,SYN-DUDH-01,Dudhsagar Synthetic Rainfall Station,15.31321535,74.31401199,1.3,8.8,9.8,20.1,Light,SYNTHETIC_DEMO
2026-08-19 23:00:00,SYN-DUDH-01,Dudhsagar Synthetic Rainfall Station,15.31321535,74.31401199,0.0,8.8,9.8,20.1,No rain,SYNTHETIC_DEMO
2026-08-20 00:00:00,SYN-DUDH-01,Dudhsagar Synthetic Rainfall Station,15.31321535,74.31401199,0.0,1.3,8.8,20.1,No rain,SYNTHETIC_DEMO
2026-08-20 01:00:00,SYN-DUDH-01,Dudhsagar Synthetic Rainfall Station,15.31321535,74.31401199,0.0,0.0,8.8,20.1,No rain,SYNTHETIC_DEMO
2026-08-20 02:00:00,SYN-DUDH-01,Dudhsagar Synthetic Rainfall Station,15.31321535,74.31401199,0.0,0.0,8.8,17.1,No rain,SYNTHETIC_DEMO
2026-08-20 03:00:00,SYN-DUDH-01,Dudhsagar Synthetic Rainfall Station,15.31321535,74.31401199,0.0,0.0,1.3,17.1,No rain,SYNTHETIC_DEMO
2026-08-20 04:00:00,SYN-DUDH-01,Dudhsagar Synthetic Rainfall Station,15.31321535,74.31401199,0.0,0.0,0.0,14.4,No rain,SYNTHETIC_DEMO
2026-08-20 05:00:00,SYN-DUDH-01,Dudhsagar Synthetic Rainfall Station,15.31321535,74.31401199,2.1,2.1,2.1,16.5,Light,SYNTHETIC_DEMO
2026-08-20 06:00:00,SYN-DUDH-01,Dudhsagar Synthetic Rainfall Station,15.31321535,74.31401199,0.0,2.1,2.1,16.5,No rain,SYNTHETIC_DEMO
2026-08-20 07:00:00,SYN-DUDH-01,Dudhsagar Synthetic Rainfall Station,15.31321535,74.31401199,0.0,2.1,2.1,16.5,No rain,SYNTHETIC_DEMO
2026-08-20 08:00:00,SYN-DUDH-01,Dudhsagar Synthetic Rainfall Station,15.31321535,74.31401199,0.0,0.0,2.1,16.5,No rain,SYNTHETIC_DEMO
2026-08-20 09:00:00,SYN-DUDH-01,Dudhsagar Synthetic Rainfall Station,15.31321535,74.31401199,0.0,0.0,2.1,12.9,No rain,SYNTHETIC_DEMO
2026-08-20 10:00:00,SYN-DUDH-01,Dudhsagar Synthetic Rainfall Station,15.31321535,74.31401199,0.0,0.0,2.1,12.9,No rain,SYNTHETIC_DEMO
2026-08-20 11:00:00,SYN-DUDH-01,Dudhsagar Synthetic Rainfall Station,15.31321535,74.31401199,0.0,0.0,0.0,12.9,No rain,SYNTHETIC_DEMO
2026-08-20 12:00:00,SYN-DUDH-01,Dudhsagar Synthetic Rainfall Station,15.31321535,74.31401199,2.3,2.3,2.3,15.2,Light,SYNTHETIC_DEMO
2026-08-20 13:00:00,SYN-DUDH-01,Dudhsagar Synthetic Rainfall Station,15.31321535,74.31401199,0.0,2.3,2.3,15.2,No rain,SYNTHETIC_DEMO
2026-08-20 14:00:00,SYN-DUDH-01,Dudhsagar Synthetic Rainfall Station,15.31321535,74.31401199,0.0,2.3,2.3,15.2,No rain,SYNTHETIC_DEMO
2026-08-20 15:00:00,SYN-DUDH-01,Dudhsagar Synthetic Rainfall Station,15.31321535,74.31401199,0.0,0.0,2.3,15.2,No rain,SYNTHETIC_DEMO
2026-08-20 16:00:00,SYN-DUDH-01,Dudhsagar Synthetic Rainfall Station,15.31321535,74.31401199,1.6,1.6,3.9,15.8,Light,SYNTHETIC_DEMO
2026-08-20 17:00:00,SYN-DUDH-01,Dudhsagar Synthetic Rainfall Station,15.31321535,74.31401199,4.4,6.0,8.3,20.2,Moderate,SYNTHETIC_DEMO
2026-08-20 18:00:00,SYN-DUDH-01,Dudhsagar Synthetic Rainfall Station,15.31321535,74.31401199,0.0,6.0,6.0,19.2,No rain,SYNTHETIC_DEMO
2026-08-20 19:00:00,SYN-DUDH-01,Dudhsagar Synthetic Rainfall Station,15.31321535,74.31401199,0.0,4.4,6.0,19.2,No rain,SYNTHETIC_DEMO
2026-08-20 20:00:00,SYN-DUDH-01,Dudhsagar Synthetic Rainfall Station,15.31321535,74.31401199,0.0,0.0,6.0,19.2,No rain,SYNTHETIC_DEMO
2026-08-20 21:00:00,SYN-DUDH-01,Dudhsagar Synthetic Rainfall Station,15.31321535,74.31401199,0.0,0.0,6.0,11.7,No rain,SYNTHETIC_DEMO
2026-08-20 22:00:00,SYN-DUDH-01,Dudhsagar Synthetic Rainfall Station,15.31321535,74.31401199,0.0,0.0,4.4,10.4,No rain,SYNTHETIC_DEMO
2026-08-20 23:00:00,SYN-DUDH-01,Dudhsagar Synthetic Rainfall Station,15.31321535,74.31401199,0.0,0.0,0.0,10.4,No rain,SYNTHETIC_DEMO
2026-08-21 00:00:00,SYN-DUDH-01,Dudhsagar Synthetic Rainfall Station,15.31321535,74.31401199,0.0,0.0,0.0,10.4,No rain,SYNTHETIC_DEMO
2026-08-21 01:00:00,SYN-DUDH-01,Dudhsagar Synthetic Rainfall Station,15.31321535,74.31401199,0.0,0.0,0.0,10.4,No rain,SYNTHETIC_DEMO
2026-08-21 02:00:00,SYN-DUDH-01,Dudhsagar Synthetic Rainfall Station,15.31321535,74.31401199,0.0,0.0,0.0,10.4,No rain,SYNTHETIC_DEMO
2026-08-21 03:00:00,SYN-DUDH-01,Dudhsagar Synthetic Rainfall Station,15.31321535,74.31401199,0.0,0.0,0.0,10.4,No rain,SYNTHETIC_DEMO
2026-08-21 04:00:00,SYN-DUDH-01,Dudhsagar Synthetic Rainfall Station,15.31321535,74.31401199,4.1,4.1,4.1,14.5,Moderate,SYNTHETIC_DEMO
2026-08-21 05:00:00,SYN-DUDH-01,Dudhsagar Synthetic Rainfall Station,15.31321535,74.31401199,0.0,4.1,4.1,12.4,No rain,SYNTHETIC_DEMO
2026-08-21 06:00:00,SYN-DUDH-01,Dudhsagar Synthetic Rainfall Station,15.31321535,74.31401199,0.0,4.1,4.1,12.4,No rain,SYNTHETIC_DEMO
2026-08-21 07:00:00,SYN-DUDH-01,Dudhsagar Synthetic Rainfall Station,15.31321535,74.31401199,0.0,0.0,4.1,12.4,No rain,SYNTHETIC_DEMO
2026-08-21 08:00:00,SYN-DUDH-01,Dudhsagar Synthetic Rainfall Station,15.31321535,74.31401199,0.0,0.0,4.1,12.4,No rain,SYNTHETIC_DEMO
2026-08-21 09:00:00,SYN-DUDH-01,Dudhsagar Synthetic Rainfall Station,15.31321535,74.31401199,0.0,0.0,4.1,12.4,No rain,SYNTHETIC_DEMO
2026-08-21 10:00:00,SYN-DUDH-01,Dudhsagar Synthetic Rainfall Station,15.31321535,74.31401199,80.0,80.0,80.0,92.4,Extreme,SYNTHETIC_DEMO
2026-08-21 11:00:00,SYN-DUDH-01,Dudhsagar Synthetic Rainfall Station,15.31321535,74.31401199,80.0,160.0,160.0,172.4,Extreme,SYNTHETIC_DEMO
2026-08-21 12:00:00,SYN-DUDH-01,Dudhsagar Synthetic Rainfall Station,15.31321535,74.31401199,65.7,225.7,225.7,235.8,Extreme,SYNTHETIC_DEMO
2026-08-21 13:00:00,SYN-DUDH-01,Dudhsagar Synthetic Rainfall Station,15.31321535,74.31401199,80.0,225.7,305.7,315.8,Extreme,SYNTHETIC_DEMO
2026-08-21 14:00:00,SYN-DUDH-01,Dudhsagar Synthetic Rainfall Station,15.31321535,74.31401199,80.0,225.7,385.7,395.8,Extreme,SYNTHETIC_DEMO
2026-08-21 15:00:00,SYN-DUDH-01,Dudhsagar Synthetic Rainfall Station,15.31321535,74.31401199,80.0,240.0,465.7,475.8,Extreme,SYNTHETIC_DEMO
2026-08-21 16:00:00,SYN-DUDH-01,Dudhsagar Synthetic Rainfall Station,15.31321535,74.31401199,80.0,240.0,465.7,554.2,Extreme,SYNTHETIC_DEMO
2026-08-21 17:00:00,SYN-DUDH-01,Dudhsagar Synthetic Rainfall Station,15.31321535,74.31401199,80.0,240.0,465.7,629.8,Extreme,SYNTHETIC_DEMO
2026-08-21 18:00:00,SYN-DUDH-01,Dudhsagar Synthetic Rainfall Station,15.31321535,74.31401199,48.7,208.7,448.7,678.5,Very heavy,SYNTHETIC_DEMO
2026-08-21 19:00:00,SYN-DUDH-01,Dudhsagar Synthetic Rainfall Station,15.31321535,74.31401199,80.0,208.7,448.7,758.5,Extreme,SYNTHETIC_DEMO
2026-08-21 20:00:00,SYN-DUDH-01,Dudhsagar Synthetic Rainfall Station,15.31321535,74.31401199,80.0,208.7,448.7,838.5,Extreme,SYNTHETIC_DEMO
2026-08-21 21:00:00,SYN-DUDH-01,Dudhsagar Synthetic Rainfall Station,15.31321535,74.31401199,80.0,240.0,448.7,918.5,Extreme,SYNTHETIC_DEMO
2026-08-21 22:00:00,SYN-DUDH-01,Dudhsagar Synthetic Rainfall Station,15.31321535,74.31401199,80.0,240.0,448.7,998.5,Extreme,SYNTHETIC_DEMO
2026-08-21 23:00:00,SYN-DUDH-01,Dudhsagar Synthetic Rainfall Station,15.31321535,74.31401199,26.3,186.3,395.0,1024.8,Heavy,SYNTHETIC_DEMO
2026-08-22 00:00:00,SYN-DUDH-01,Dudhsagar Synthetic Rainfall Station,15.31321535,74.31401199,80.0,186.3,426.3,1104.8,Extreme,SYNTHETIC_DEMO
2026-08-22 01:00:00,SYN-DUDH-01,Dudhsagar Synthetic Rainfall Station,15.31321535,74.31401199,80.0,186.3,426.3,1184.8,Extreme,SYNTHETIC_DEMO
2026-08-22 02:00:00,SYN-DUDH-01,Dudhsagar Synthetic Rainfall Station,15.31321535,74.31401199,80.0,240.0,426.3,1264.8,Extreme,SYNTHETIC_DEMO
2026-08-22 03:00:00,SYN-DUDH-01,Dudhsagar Synthetic Rainfall Station,15.31321535,74.31401199,80.0,240.0,426.3,1344.8,Extreme,SYNTHETIC_DEMO
2026-08-22 04:00:00,SYN-DUDH-01,Dudhsagar Synthetic Rainfall Station,15.31321535,74.31401199,80.0,240.0,426.3,1420.7,Extreme,SYNTHETIC_DEMO
2026-08-22 05:00:00,SYN-DUDH-01,Dudhsagar Synthetic Rainfall Station,15.31321535,74.31401199,24.4,184.4,424.4,1445.1,Heavy,SYNTHETIC_DEMO
2026-08-22 06:00:00,SYN-DUDH-01,Dudhsagar Synthetic Rainfall Station,15.31321535,74.31401199,1.7,106.1,346.1,1446.8,Light,SYNTHETIC_DEMO
2026-08-22 07:00:00,SYN-DUDH-01,Dudhsagar Synthetic Rainfall Station,15.31321535,74.31401199,0.0,26.1,266.1,1446.8,No rain,SYNTHETIC_DEMO
2026-08-22 08:00:00,SYN-DUDH-01,Dudhsagar Synthetic Rainfall Station,15.31321535,74.31401199,2.5,4.2,188.6,1449.3,Moderate,SYNTHETIC_DEMO
2026-08-22 09:00:00,SYN-DUDH-01,Dudhsagar Synthetic Rainfall Station,15.31321535,74.31401199,0.0,2.5,108.6,1449.3,No rain,SYNTHETIC_DEMO
2026-08-22 10:00:00,SYN-DUDH-01,Dudhsagar Synthetic Rainfall Station,15.31321535,74.31401199,0.0,2.5,28.6,1369.3,No rain,SYNTHETIC_DEMO
2026-08-22 11:00:00,SYN-DUDH-01,Dudhsagar Synthetic Rainfall Station,15.31321535,74.31401199,3.2,3.2,7.4,1292.5,Moderate,SYNTHETIC_DEMO
2026-08-22 12:00:00,SYN-DUDH-01,Dudhsagar Synthetic Rainfall Station,15.31321535,74.31401199,0.0,3.2,5.7,1226.8,No rain,SYNTHETIC_DEMO
2026-08-22 13:00:00,SYN-DUDH-01,Dudhsagar Synthetic Rainfall Station,15.31321535,74.31401199,0.0,3.2,5.7,1146.8,No rain,SYNTHETIC_DEMO
2026-08-22 14:00:00,SYN-DUDH-01,Dudhsagar Synthetic Rainfall Station,15.31321535,74.31401199,1.5,1.5,4.7,1068.3,Light,SYNTHETIC_DEMO
2026-08-22 15:00:00,SYN-DUDH-01,Dudhsagar Synthetic Rainfall Station,15.31321535,74.31401199,0.0,1.5,4.7,988.3,No rain,SYNTHETIC_DEMO
2026-08-22 16:00:00,SYN-DUDH-01,Dudhsagar Synthetic Rainfall Station,15.31321535,74.31401199,0.0,1.5,4.7,908.3,No rain,SYNTHETIC_DEMO
2026-08-22 17:00:00,SYN-DUDH-01,Dudhsagar Synthetic Rainfall Station,15.31321535,74.31401199,0.0,0.0,1.5,828.3,No rain,SYNTHETIC_DEMO
2026-08-22 18:00:00,SYN-DUDH-01,Dudhsagar Synthetic Rainfall Station,15.31321535,74.31401199,4.7,4.7,6.2,784.3,Moderate,SYNTHETIC_DEMO
2026-08-22 19:00:00,SYN-DUDH-01,Dudhsagar Synthetic Rainfall Station,15.31321535,74.31401199,0.0,4.7,6.2,704.3,No rain,SYNTHETIC_DEMO
2026-08-22 20:00:00,SYN-DUDH-01,Dudhsagar Synthetic Rainfall Station,15.31321535,74.31401199,6.3,11.0,11.0,630.6,Moderate,SYNTHETIC_DEMO
2026-08-22 21:00:00,SYN-DUDH-01,Dudhsagar Synthetic Rainfall Station,15.31321535,74.31401199,0.0,6.3,11.0,550.6,No rain,SYNTHETIC_DEMO
2026-08-22 22:00:00,SYN-DUDH-01,Dudhsagar Synthetic Rainfall Station,15.31321535,74.31401199,0.0,6.3,11.0,470.6,No rain,SYNTHETIC_DEMO
2026-08-22 23:00:00,SYN-DUDH-01,Dudhsagar Synthetic Rainfall Station,15.31321535,74.31401199,0.0,0.0,11.0,444.3,No rain,SYNTHETIC_DEMO
2026-08-23 00:00:00,SYN-DUDH-01,Dudhsagar Synthetic Rainfall Station,15.31321535,74.31401199,0.0,0.0,6.3,364.3,No rain,SYNTHETIC_DEMO
2026-08-23 01:00:00,SYN-DUDH-01,Dudhsagar Synthetic Rainfall Station,15.31321535,74.31401199,0.0,0.0,6.3,284.3,No rain,SYNTHETIC_DEMO
2026-08-23 02:00:00,SYN-DUDH-01,Dudhsagar Synthetic Rainfall Station,15.31321535,74.31401199,0.0,0.0,0.0,204.3,No rain,SYNTHETIC_DEMO
2026-08-23 03:00:00,SYN-DUDH-01,Dudhsagar Synthetic Rainfall Station,15.31321535,74.31401199,0.0,0.0,0.0,124.3,No rain,SYNTHETIC_DEMO
2026-08-23 04:00:00,SYN-DUDH-01,Dudhsagar Synthetic Rainfall Station,15.31321535,74.31401199,0.0,0.0,0.0,44.3,No rain,SYNTHETIC_DEMO
2026-08-23 05:00:00,SYN-DUDH-01,Dudhsagar Synthetic Rainfall Station,15.31321535,74.31401199,0.0,0.0,0.0,19.9,No rain,SYNTHETIC_DEMO
2026-08-23 06:00:00,SYN-DUDH-01,Dudhsagar Synthetic Rainfall Station,15.31321535,74.31401199,8.4,8.4,8.4,26.6,Moderate,SYNTHETIC_DEMO
2026-08-23 07:00:00,SYN-DUDH-01,Dudhsagar Synthetic Rainfall Station,15.31321535,74.31401199,0.0,8.4,8.4,26.6,No rain,SYNTHETIC_DEMO
2026-08-23 08:00:00,SYN-DUDH-01,Dudhsagar Synthetic Rainfall Station,15.31321535,74.31401199,0.0,8.4,8.4,24.1,No rain,SYNTHETIC_DEMO
2026-08-23 09:00:00,SYN-DUDH-01,Dudhsagar Synthetic Rainfall Station,15.31321535,74.31401199,8.1,8.1,16.5,32.2,Moderate,SYNTHETIC_DEMO
2026-08-23 10:00:00,SYN-DUDH-01,Dudhsagar Synthetic Rainfall Station,15.31321535,74.31401199,2.3,10.4,18.8,34.5,Light,SYNTHETIC_DEMO
2026-08-23 11:00:00,SYN-DUDH-01,Dudhsagar Synthetic Rainfall Station,15.31321535,74.31401199,0.0,10.4,18.8,31.3,No rain,SYNTHETIC_DEMO
2026-08-23 12:00:00,SYN-DUDH-01,Dudhsagar Synthetic Rainfall Station,15.31321535,74.31401199,0.0,2.3,10.4,31.3,No rain,SYNTHETIC_DEMO
2026-08-23 13:00:00,SYN-DUDH-01,Dudhsagar Synthetic Rainfall Station,15.31321535,74.31401199,0.0,0.0,10.4,31.3,No rain,SYNTHETIC_DEMO
2026-08-23 14:00:00,SYN-DUDH-01,Dudhsagar Synthetic Rainfall Station,15.31321535,74.31401199,0.0,0.0,10.4,29.8,No rain,SYNTHETIC_DEMO
2026-08-23 15:00:00,SYN-DUDH-01,Dudhsagar Synthetic Rainfall Station,15.31321535,74.31401199,0.0,0.0,2.3,29.8,No rain,SYNTHETIC_DEMO
2026-08-23 16:00:00,SYN-DUDH-01,Dudhsagar Synthetic Rainfall Station,15.31321535,74.31401199,3.3,3.3,3.3,33.1,Moderate,SYNTHETIC_DEMO
2026-08-23 17:00:00,SYN-DUDH-01,Dudhsagar Synthetic Rainfall Station,15.31321535,74.31401199,0.0,3.3,3.3,33.1,No rain,SYNTHETIC_DEMO
2026-08-23 18:00:00,SYN-DUDH-01,Dudhsagar Synthetic Rainfall Station,15.31321535,74.31401199,0.0,3.3,3.3,28.4,No rain,SYNTHETIC_DEMO
2026-08-23 19:00:00,SYN-DUDH-01,Dudhsagar Synthetic Rainfall Station,15.31321535,74.31401199,2.6,2.6,5.9,31.0,Moderate,SYNTHETIC_DEMO
2026-08-23 20:00:00,SYN-DUDH-01,Dudhsagar Synthetic Rainfall Station,15.31321535,74.31401199,0.0,2.6,5.9,24.7,No rain,SYNTHETIC_DEMO
2026-08-23 21:00:00,SYN-DUDH-01,Dudhsagar Synthetic Rainfall Station,15.31321535,74.31401199,0.0,2.6,5.9,24.7,No rain,SYNTHETIC_DEMO
2026-08-23 22:00:00,SYN-DUDH-01,Dudhsagar Synthetic Rainfall Station,15.31321535,74.31401199,0.0,0.0,2.6,24.7,No rain,SYNTHETIC_DEMO
2026-08-23 23:00:00,SYN-DUDH-01,Dudhsagar Synthetic Rainfall Station,15.31321535,74.31401199,2.6,2.6,5.2,27.3,Moderate,SYNTHETIC_DEMO
2026-08-24 00:00:00,SYN-DUDH-01,Dudhsagar Synthetic Rainfall Station,15.31321535,74.31401199,0.0,2.6,5.2,27.3,No rain,SYNTHETIC_DEMO
2026-08-24 01:00:00,SYN-DUDH-01,Dudhsagar Synthetic Rainfall Station,15.31321535,74.31401199,0.0,2.6,2.6,27.3,No rain,SYNTHETIC_DEMO
2026-08-24 02:00:00,SYN-DUDH-01,Dudhsagar Synthetic Rainfall Station,15.31321535,74.31401199,2.4,2.4,5.0,29.7,Light,SYNTHETIC_DEMO
2026-08-24 03:00:00,SYN-DUDH-01,Dudhsagar Synthetic Rainfall Station,15.31321535,74.31401199,0.0,2.4,5.0,29.7,No rain,SYNTHETIC_DEMO
2026-08-24 04:00:00,SYN-DUDH-01,Dudhsagar Synthetic Rainfall Station,15.31321535,74.31401199,0.0,2.4,5.0,29.7,No rain,SYNTHETIC_DEMO
2026-08-24 05:00:00,SYN-DUDH-01,Dudhsagar Synthetic Rainfall Station,15.31321535,74.31401199,0.0,0.0,2.4,29.7,No rain,SYNTHETIC_DEMO
2026-08-24 06:00:00,SYN-DUDH-01,Dudhsagar Synthetic Rainfall Station,15.31321535,74.31401199,0.0,0.0,2.4,21.3,No rain,SYNTHETIC_DEMO
2026-08-24 07:00:00,SYN-DUDH-01,Dudhsagar Synthetic Rainfall Station,15.31321535,74.31401199,0.0,0.0,2.4,21.3,No rain,SYNTHETIC_DEMO
2026-08-24 08:00:00,SYN-DUDH-01,Dudhsagar Synthetic Rainfall Station,15.31321535,74.31401199,3.0,3.0,3.0,24.3,Moderate,SYNTHETIC_DEMO
2026-08-24 09:00:00,SYN-DUDH-01,Dudhsagar Synthetic Rainfall Station,15.31321535,74.31401199,0.0,3.0,3.0,16.2,No rain,SYNTHETIC_DEMO
2026-08-24 10:00:00,SYN-DUDH-01,Dudhsagar Synthetic Rainfall Station,15.31321535,74.31401199,0.0,3.0,3.0,13.9,No rain,SYNTHETIC_DEMO
2026-08-24 11:00:00,SYN-DUDH-01,Dudhsagar Synthetic Rainfall Station,15.31321535,74.31401199,0.0,0.0,3.0,13.9,No rain,SYNTHETIC_DEMO
2026-08-24 12:00:00,SYN-DUDH-01,Dudhsagar Synthetic Rainfall Station,15.31321535,74.31401199,0.0,0.0,3.0,13.9,No rain,SYNTHETIC_DEMO
2026-08-24 13:00:00,SYN-DUDH-01,Dudhsagar Synthetic Rainfall Station,15.31321535,74.31401199,0.0,0.0,3.0,13.9,No rain,SYNTHETIC_DEMO
2026-08-24 14:00:00,SYN-DUDH-01,Dudhsagar Synthetic Rainfall Station,15.31321535,74.31401199,0.0,0.0,0.0,13.9,No rain,SYNTHETIC_DEMO
2026-08-24 15:00:00,SYN-DUDH-01,Dudhsagar Synthetic Rainfall Station,15.31321535,74.31401199,7.1,7.1,7.1,21.0,Moderate,SYNTHETIC_DEMO
2026-08-24 16:00:00,SYN-DUDH-01,Dudhsagar Synthetic Rainfall Station,15.31321535,74.31401199,0.0,7.1,7.1,17.7,No rain,SYNTHETIC_DEMO
2026-08-24 17:00:00,SYN-DUDH-01,Dudhsagar Synthetic Rainfall Station,15.31321535,74.31401199,0.0,7.1,7.1,17.7,No rain,SYNTHETIC_DEMO
2026-08-24 18:00:00,SYN-DUDH-01,Dudhsagar Synthetic Rainfall Station,15.31321535,74.31401199,0.0,0.0,7.1,17.7,No rain,SYNTHETIC_DEMO
2026-08-24 19:00:00,SYN-DUDH-01,Dudhsagar Synthetic Rainfall Station,15.31321535,74.31401199,0.0,0.0,7.1,15.1,No rain,SYNTHETIC_DEMO
2026-08-24 20:00:00,SYN-DUDH-01,Dudhsagar Synthetic Rainfall Station,15.31321535,74.31401199,0.0,0.0,7.1,15.1,No rain,SYNTHETIC_DEMO
2026-08-24 21:00:00,SYN-DUDH-01,Dudhsagar Synthetic Rainfall Station,15.31321535,74.31401199,0.0,0.0,0.0,15.1,No rain,SYNTHETIC_DEMO
2026-08-24 22:00:00,SYN-DUDH-01,Dudhsagar Synthetic Rainfall Station,15.31321535,74.31401199,0.0,0.0,0.0,15.1,No rain,SYNTHETIC_DEMO
2026-08-24 23:00:00,SYN-DUDH-01,Dudhsagar Synthetic Rainfall Station,15.31321535,74.31401199,0.0,0.0,0.0,12.5,No rain,SYNTHETIC_DEMO
2026-08-25 00:00:00,SYN-DUDH-01,Dudhsagar Synthetic Rainfall Station,15.31321535,74.31401199,0.0,0.0,0.0,12.5,No rain,SYNTHETIC_DEMO
2026-08-25 01:00:00,SYN-DUDH-01,Dudhsagar Synthetic Rainfall Station,15.31321535,74.31401199,0.0,0.0,0.0,12.5,No rain,SYNTHETIC_DEMO
2026-08-25 02:00:00,SYN-DUDH-01,Dudhsagar Synthetic Rainfall Station,15.31321535,74.31401199,0.0,0.0,0.0,10.1,No rain,SYNTHETIC_DEMO
2026-08-25 03:00:00,SYN-DUDH-01,Dudhsagar Synthetic Rainfall Station,15.31321535,74.31401199,0.0,0.0,0.0,10.1,No rain,SYNTHETIC_DEMO
2026-08-25 04:00:00,SYN-DUDH-01,Dudhsagar Synthetic Rainfall Station,15.31321535,74.31401199,0.0,0.0,0.0,10.1,No rain,SYNTHETIC_DEMO
2026-08-25 05:00:00,SYN-DUDH-01,Dudhsagar Synthetic Rainfall Station,15.31321535,74.31401199,0.0,0.0,0.0,10.1,No rain,SYNTHETIC_DEMO
2026-08-25 06:00:00,SYN-DUDH-01,Dudhsagar Synthetic Rainfall Station,15.31321535,74.31401199,3.9,3.9,3.9,14.0,Moderate,SYNTHETIC_DEMO
2026-08-25 07:00:00,SYN-DUDH-01,Dudhsagar Synthetic Rainfall Station,15.31321535,74.31401199,0.0,3.9,3.9,14.0,No rain,SYNTHETIC_DEMO
2026-08-25 08:00:00,SYN-DUDH-01,Dudhsagar Synthetic Rainfall Station,15.31321535,74.31401199,0.0,3.9,3.9,11.0,No rain,SYNTHETIC_DEMO
2026-08-25 09:00:00,SYN-DUDH-01,Dudhsagar Synthetic Rainfall Station,15.31321535,74.31401199,0.0,0.0,3.9,11.0,No rain,SYNTHETIC_DEMO
2026-08-25 10:00:00,SYN-DUDH-01,Dudhsagar Synthetic Rainfall Station,15.31321535,74.31401199,0.9,0.9,4.8,11.9,Light,SYNTHETIC_DEMO
2026-08-25 11:00:00,SYN-DUDH-01,Dudhsagar Synthetic Rainfall Station,15.31321535,74.31401199,0.0,0.9,4.8,11.9,No rain,SYNTHETIC_DEMO
2026-08-25 12:00:00,SYN-DUDH-01,Dudhsagar Synthetic Rainfall Station,15.31321535,74.31401199,0.0,0.9,0.9,11.9,No rain,SYNTHETIC_DEMO
2026-08-25 13:00:00,SYN-DUDH-01,Dudhsagar Synthetic Rainfall Station,15.31321535,74.31401199,6.1,6.1,7.0,18.0,Moderate,SYNTHETIC_DEMO
2026-08-25 14:00:00,SYN-DUDH-01,Dudhsagar Synthetic Rainfall Station,15.31321535,74.31401199,0.0,6.1,7.0,18.0,No rain,SYNTHETIC_DEMO
2026-08-25 15:00:00,SYN-DUDH-01,Dudhsagar Synthetic Rainfall Station,15.31321535,74.31401199,0.0,6.1,7.0,10.9,No rain,SYNTHETIC_DEMO
2026-08-25 16:00:00,SYN-DUDH-01,Dudhsagar Synthetic Rainfall Station,15.31321535,74.31401199,0.0,0.0,6.1,10.9,No rain,SYNTHETIC_DEMO
2026-08-25 17:00:00,SYN-DUDH-01,Dudhsagar Synthetic Rainfall Station,15.31321535,74.31401199,0.0,0.0,6.1,10.9,No rain,SYNTHETIC_DEMO
2026-08-25 18:00:00,SYN-DUDH-01,Dudhsagar Synthetic Rainfall Station,15.31321535,74.31401199,3.6,3.6,9.7,14.5,Moderate,SYNTHETIC_DEMO
2026-08-25 19:00:00,SYN-DUDH-01,Dudhsagar Synthetic Rainfall Station,15.31321535,74.31401199,0.0,3.6,3.6,14.5,No rain,SYNTHETIC_DEMO
2026-08-25 20:00:00,SYN-DUDH-01,Dudhsagar Synthetic Rainfall Station,15.31321535,74.31401199,0.0,3.6,3.6,14.5,No rain,SYNTHETIC_DEMO
2026-08-25 21:00:00,SYN-DUDH-01,Dudhsagar Synthetic Rainfall Station,15.31321535,74.31401199,0.0,0.0,3.6,14.5,No rain,SYNTHETIC_DEMO
2026-08-25 22:00:00,SYN-DUDH-01,Dudhsagar Synthetic Rainfall Station,15.31321535,74.31401199,0.0,0.0,3.6,14.5,No rain,SYNTHETIC_DEMO
2026-08-25 23:00:00,SYN-DUDH-01,Dudhsagar Synthetic Rainfall Station,15.31321535,74.31401199,0.0,0.0,3.6,14.5,No rain,SYNTHETIC_DEMO
2026-08-26 00:00:00,SYN-DUDH-01,Dudhsagar Synthetic Rainfall Station,15.31321535,74.31401199,0.0,0.0,0.0,14.5,No rain,SYNTHETIC_DEMO
2026-08-26 01:00:00,SYN-DUDH-01,Dudhsagar Synthetic Rainfall Station,15.31321535,74.31401199,0.0,0.0,0.0,14.5,No rain,SYNTHETIC_DEMO
2026-08-26 02:00:00,SYN-DUDH-01,Dudhsagar Synthetic Rainfall Station,15.31321535,74.31401199,0.0,0.0,0.0,14.5,No rain,SYNTHETIC_DEMO
2026-08-26 03:00:00,SYN-DUDH-01,Dudhsagar Synthetic Rainfall Station,15.31321535,74.31401199,0.0,0.0,0.0,14.5,No rain,SYNTHETIC_DEMO
2026-08-26 04:00:00,SYN-DUDH-01,Dudhsagar Synthetic Rainfall Station,15.31321535,74.31401199,0.0,0.0,0.0,14.5,No rain,SYNTHETIC_DEMO
2026-08-26 05:00:00,SYN-DUDH-01,Dudhsagar Synthetic Rainfall Station,15.31321535,74.31401199,0.0,0.0,0.0,14.5,No rain,SYNTHETIC_DEMO
2026-08-26 06:00:00,SYN-DUDH-01,Dudhsagar Synthetic Rainfall Station,15.31321535,74.31401199,0.0,0.0,0.0,10.6,No rain,SYNTHETIC_DEMO
2026-08-26 07:00:00,SYN-DUDH-01,Dudhsagar Synthetic Rainfall Station,15.31321535,74.31401199,4.5,4.5,4.5,15.1,Moderate,SYNTHETIC_DEMO
2026-08-26 08:00:00,SYN-DUDH-01,Dudhsagar Synthetic Rainfall Station,15.31321535,74.31401199,0.0,4.5,4.5,15.1,No rain,SYNTHETIC_DEMO
2026-08-26 09:00:00,SYN-DUDH-01,Dudhsagar Synthetic Rainfall Station,15.31321535,74.31401199,0.0,4.5,4.5,15.1,No rain,SYNTHETIC_DEMO
2026-08-26 10:00:00,SYN-DUDH-01,Dudhsagar Synthetic Rainfall Station,15.31321535,74.31401199,0.0,0.0,4.5,14.2,No rain,SYNTHETIC_DEMO
2026-08-26 11:00:00,SYN-DUDH-01,Dudhsagar Synthetic Rainfall Station,15.31321535,74.31401199,0.0,0.0,4.5,14.2,No rain,SYNTHETIC_DEMO
2026-08-26 12:00:00,SYN-DUDH-01,Dudhsagar Synthetic Rainfall Station,15.31321535,74.31401199,0.0,0.0,4.5,14.2,No rain,SYNTHETIC_DEMO
2026-08-26 13:00:00,SYN-DUDH-01,Dudhsagar Synthetic Rainfall Station,15.31321535,74.31401199,0.0,0.0,0.0,8.1,No rain,SYNTHETIC_DEMO
2026-08-26 14:00:00,SYN-DUDH-01,Dudhsagar Synthetic Rainfall Station,15.31321535,74.31401199,0.0,0.0,0.0,8.1,No rain,SYNTHETIC_DEMO
2026-08-26 15:00:00,SYN-DUDH-01,Dudhsagar Synthetic Rainfall Station,15.31321535,74.31401199,0.0,0.0,0.0,8.1,No rain,SYNTHETIC_DEMO
2026-08-26 16:00:00,SYN-DUDH-01,Dudhsagar Synthetic Rainfall Station,15.31321535,74.31401199,0.0,0.0,0.0,8.1,No rain,SYNTHETIC_DEMO
2026-08-26 17:00:00,SYN-DUDH-01,Dudhsagar Synthetic Rainfall Station,15.31321535,74.31401199,0.0,0.0,0.0,8.1,No rain,SYNTHETIC_DEMO
2026-08-26 18:00:00,SYN-DUDH-01,Dudhsagar Synthetic Rainfall Station,15.31321535,74.31401199,3.8,3.8,3.8,8.3,Moderate,SYNTHETIC_DEMO
2026-08-26 19:00:00,SYN-DUDH-01,Dudhsagar Synthetic Rainfall Station,15.31321535,74.31401199,4.0,7.8,7.8,12.3,Moderate,SYNTHETIC_DEMO
2026-08-26 20:00:00,SYN-DUDH-01,Dudhsagar Synthetic Rainfall Station,15.31321535,74.31401199,0.0,7.8,7.8,12.3,No rain,SYNTHETIC_DEMO
2026-08-26 21:00:00,SYN-DUDH-01,Dudhsagar Synthetic Rainfall Station,15.31321535,74.31401199,0.0,4.0,7.8,12.3,No rain,SYNTHETIC_DEMO
2026-08-26 22:00:00,SYN-DUDH-01,Dudhsagar Synthetic Rainfall Station,15.31321535,74.31401199,0.0,0.0,7.8,12.3,No rain,SYNTHETIC_DEMO
2026-08-26 23:00:00,SYN-DUDH-01,Dudhsagar Synthetic Rainfall Station,15.31321535,74.31401199,0.0,0.0,7.8,12.3,No rain,SYNTHETIC_DEMO
2026-08-27 00:00:00,SYN-DUDH-01,Dudhsagar Synthetic Rainfall Station,15.31321535,74.31401199,0.0,0.0,4.0,12.3,No rain,SYNTHETIC_DEMO
2026-08-27 01:00:00,SYN-DUDH-01,Dudhsagar Synthetic Rainfall Station,15.31321535,74.31401199,80.0,80.0,80.0,92.3,Extreme,SYNTHETIC_DEMO
2026-08-27 02:00:00,SYN-DUDH-01,Dudhsagar Synthetic Rainfall Station,15.31321535,74.31401199,80.0,160.0,160.0,172.3,Extreme,SYNTHETIC_DEMO
2026-08-27 03:00:00,SYN-DUDH-01,Dudhsagar Synthetic Rainfall Station,15.31321535,74.31401199,80.0,240.0,240.0,252.3,Extreme,SYNTHETIC_DEMO
2026-08-27 04:00:00,SYN-DUDH-01,Dudhsagar Synthetic Rainfall Station,15.31321535,74.31401199,80.0,240.0,320.0,332.3,Extreme,SYNTHETIC_DEMO
2026-08-27 05:00:00,SYN-DUDH-01,Dudhsagar Synthetic Rainfall Station,15.31321535,74.31401199,80.0,240.0,400.0,412.3,Extreme,SYNTHETIC_DEMO
2026-08-27 06:00:00,SYN-DUDH-01,Dudhsagar Synthetic Rainfall Station,15.31321535,74.31401199,80.0,240.0,480.0,492.3,Extreme,SYNTHETIC_DEMO
2026-08-27 07:00:00,SYN-DUDH-01,Dudhsagar Synthetic Rainfall Station,15.31321535,74.31401199,80.0,240.0,480.0,567.8,Extreme,SYNTHETIC_DEMO
2026-08-27 08:00:00,SYN-DUDH-01,Dudhsagar Synthetic Rainfall Station,15.31321535,74.31401199,80.0,240.0,480.0,647.8,Extreme,SYNTHETIC_DEMO
2026-08-27 09:00:00,SYN-DUDH-01,Dudhsagar Synthetic Rainfall Station,15.31321535,74.31401199,57.9,217.9,457.9,705.7,Extreme,SYNTHETIC_DEMO
2026-08-27 10:00:00,SYN-DUDH-01,Dudhsagar Synthetic Rainfall Station,15.31321535,74.31401199,57.2,195.1,435.1,762.9,Extreme,SYNTHETIC_DEMO
2026-08-27 11:00:00,SYN-DUDH-01,Dudhsagar Synthetic Rainfall Station,15.31321535,74.31401199,56.4,171.5,411.5,819.3,Extreme,SYNTHETIC_DEMO
2026-08-27 12:00:00,SYN-DUDH-01,Dudhsagar Synthetic Rainfall Station,15.31321535,74.31401199,79.1,192.7,410.6,898.4,Extreme,SYNTHETIC_DEMO
2026-08-27 13:00:00,SYN-DUDH-01,Dudhsagar Synthetic Rainfall Station,15.31321535,74.31401199,80.0,215.5,410.6,978.4,Extreme,SYNTHETIC_DEMO
2026-08-27 14:00:00,SYN-DUDH-01,Dudhsagar Synthetic Rainfall Station,15.31321535,74.31401199,80.0,239.1,410.6,1058.4,Extreme,SYNTHETIC_DEMO
2026-08-27 15:00:00,SYN-DUDH-01,Dudhsagar Synthetic Rainfall Station,15.31321535,74.31401199,42.6,202.6,395.3,1101.0,Very heavy,SYNTHETIC_DEMO
2026-08-27 16:00:00,SYN-DUDH-01,Dudhsagar Synthetic Rainfall Station,15.31321535,74.31401199,73.5,196.1,411.6,1174.5,Extreme,SYNTHETIC_DEMO
2026-08-27 17:00:00,SYN-DUDH-01,Dudhsagar Synthetic Rainfall Station,15.31321535,74.31401199,51.8,167.9,407.0,1226.3,Extreme,SYNTHETIC_DEMO
2026-08-27 18:00:00,SYN-DUDH-01,Dudhsagar Synthetic Rainfall Station,15.31321535,74.31401199,80.0,205.3,407.9,1302.5,Extreme,SYNTHETIC_DEMO
2026-08-27 19:00:00,SYN-DUDH-01,Dudhsagar Synthetic Rainfall Station,15.31321535,74.31401199,80.0,211.8,407.9,1378.5,Extreme,SYNTHETIC_DEMO
2026-08-27 20:00:00,SYN-DUDH-01,Dudhsagar Synthetic Rainfall Station,15.31321535,74.31401199,80.0,240.0,407.9,1458.5,Extreme,SYNTHETIC_DEMO
2026-08-27 21:00:00,SYN-DUDH-01,Dudhsagar Synthetic Rainfall Station,15.31321535,74.31401199,80.0,240.0,445.3,1538.5,Extreme,SYNTHETIC_DEMO
2026-08-27 22:00:00,SYN-DUDH-01,Dudhsagar Synthetic Rainfall Station,15.31321535,74.31401199,3.0,163.0,374.8,1541.5,Moderate,SYNTHETIC_DEMO
2026-08-27 23:00:00,SYN-DUDH-01,Dudhsagar Synthetic Rainfall Station,15.31321535,74.31401199,0.0,83.0,323.0,1541.5,No rain,SYNTHETIC_DEMO
2026-08-28 00:00:00,SYN-DUDH-01,Dudhsagar Synthetic Rainfall Station,15.31321535,74.31401199,0.0,3.0,243.0,1541.5,No rain,SYNTHETIC_DEMO
2026-08-28 01:00:00,SYN-DUDH-01,Dudhsagar Synthetic Rainfall Station,15.31321535,74.31401199,9.4,9.4,172.4,1470.9,Moderate,SYNTHETIC_DEMO
2026-08-28 02:00:00,SYN-DUDH-01,Dudhsagar Synthetic Rainfall Station,15.31321535,74.31401199,0.0,9.4,92.4,1390.9,No rain,SYNTHETIC_DEMO
2026-08-28 03:00:00,SYN-DUDH-01,Dudhsagar Synthetic Rainfall Station,15.31321535,74.31401199,0.0,9.4,12.4,1310.9,No rain,SYNTHETIC_DEMO
2026-08-28 04:00:00,SYN-DUDH-01,Dudhsagar Synthetic Rainfall Station,15.31321535,74.31401199,0.0,0.0,9.4,1230.9,No rain,SYNTHETIC_DEMO
2026-08-28 05:00:00,SYN-DUDH-01,Dudhsagar Synthetic Rainfall Station,15.31321535,74.31401199,0.0,0.0,9.4,1150.9,No rain,SYNTHETIC_DEMO
2026-08-28 06:00:00,SYN-DUDH-01,Dudhsagar Synthetic Rainfall Station,15.31321535,74.31401199,0.0,0.0,9.4,1070.9,No rain,SYNTHETIC_DEMO
2026-08-28 07:00:00,SYN-DUDH-01,Dudhsagar Synthetic Rainfall Station,15.31321535,74.31401199,0.0,0.0,0.0,990.9,No rain,SYNTHETIC_DEMO
2026-08-28 08:00:00,SYN-DUDH-01,Dudhsagar Synthetic Rainfall Station,15.31321535,74.31401199,0.0,0.0,0.0,910.9,No rain,SYNTHETIC_DEMO
2026-08-28 09:00:00,SYN-DUDH-01,Dudhsagar Synthetic Rainfall Station,15.31321535,74.31401199,0.0,0.0,0.0,853.0,No rain,SYNTHETIC_DEMO
2026-08-28 10:00:00,SYN-DUDH-01,Dudhsagar Synthetic Rainfall Station,15.31321535,74.31401199,0.0,0.0,0.0,795.8,No rain,SYNTHETIC_DEMO
2026-08-28 11:00:00,SYN-DUDH-01,Dudhsagar Synthetic Rainfall Station,15.31321535,74.31401199,0.0,0.0,0.0,739.4,No rain,SYNTHETIC_DEMO
2026-08-28 12:00:00,SYN-DUDH-01,Dudhsagar Synthetic Rainfall Station,15.31321535,74.31401199,0.0,0.0,0.0,660.3,No rain,SYNTHETIC_DEMO
2026-08-28 13:00:00,SYN-DUDH-01,Dudhsagar Synthetic Rainfall Station,15.31321535,74.31401199,0.0,0.0,0.0,580.3,No rain,SYNTHETIC_DEMO
2026-08-28 14:00:00,SYN-DUDH-01,Dudhsagar Synthetic Rainfall Station,15.31321535,74.31401199,0.0,0.0,0.0,500.3,No rain,SYNTHETIC_DEMO
2026-08-28 15:00:00,SYN-DUDH-01,Dudhsagar Synthetic Rainfall Station,15.31321535,74.31401199,1.1,1.1,1.1,458.8,Light,SYNTHETIC_DEMO
2026-08-28 16:00:00,SYN-DUDH-01,Dudhsagar Synthetic Rainfall Station,15.31321535,74.31401199,0.0,1.1,1.1,385.3,No rain,SYNTHETIC_DEMO
2026-08-28 17:00:00,SYN-DUDH-01,Dudhsagar Synthetic Rainfall Station,15.31321535,74.31401199,0.0,1.1,1.1,333.5,No rain,SYNTHETIC_DEMO
2026-08-28 18:00:00,SYN-DUDH-01,Dudhsagar Synthetic Rainfall Station,15.31321535,74.31401199,0.0,0.0,1.1,253.5,No rain,SYNTHETIC_DEMO
2026-08-28 19:00:00,SYN-DUDH-01,Dudhsagar Synthetic Rainfall Station,15.31321535,74.31401199,0.0,0.0,1.1,173.5,No rain,SYNTHETIC_DEMO
2026-08-28 20:00:00,SYN-DUDH-01,Dudhsagar Synthetic Rainfall Station,15.31321535,74.31401199,0.0,0.0,1.1,93.5,No rain,SYNTHETIC_DEMO
2026-08-28 21:00:00,SYN-DUDH-01,Dudhsagar Synthetic Rainfall Station,15.31321535,74.31401199,0.0,0.0,0.0,13.5,No rain,SYNTHETIC_DEMO
2026-08-28 22:00:00,SYN-DUDH-01,Dudhsagar Synthetic Rainfall Station,15.31321535,74.31401199,2.9,2.9,2.9,13.4,Moderate,SYNTHETIC_DEMO
2026-08-28 23:00:00,SYN-DUDH-01,Dudhsagar Synthetic Rainfall Station,15.31321535,74.31401199,0.0,2.9,2.9,13.4,No rain,SYNTHETIC_DEMO
2026-08-29 00:00:00,SYN-DUDH-01,Dudhsagar Synthetic Rainfall Station,15.31321535,74.31401199,0.0,2.9,2.9,13.4,No rain,SYNTHETIC_DEMO
2026-08-29 01:00:00,SYN-DUDH-01,Dudhsagar Synthetic Rainfall Station,15.31321535,74.31401199,0.0,0.0,2.9,4.0,No rain,SYNTHETIC_DEMO
2026-08-29 02:00:00,SYN-DUDH-01,Dudhsagar Synthetic Rainfall Station,15.31321535,74.31401199,0.0,0.0,2.9,4.0,No rain,SYNTHETIC_DEMO
2026-08-29 03:00:00,SYN-DUDH-01,Dudhsagar Synthetic Rainfall Station,15.31321535,74.31401199,0.0,0.0,2.9,4.0,No rain,SYNTHETIC_DEMO
2026-08-29 04:00:00,SYN-DUDH-01,Dudhsagar Synthetic Rainfall Station,15.31321535,74.31401199,0.0,0.0,0.0,4.0,No rain,SYNTHETIC_DEMO
2026-08-29 05:00:00,SYN-DUDH-01,Dudhsagar Synthetic Rainfall Station,15.31321535,74.31401199,0.0,0.0,0.0,4.0,No rain,SYNTHETIC_DEMO
2026-08-29 06:00:00,SYN-DUDH-01,Dudhsagar Synthetic Rainfall Station,15.31321535,74.31401199,2.4,2.4,2.4,6.4,Light,SYNTHETIC_DEMO
2026-08-29 07:00:00,SYN-DUDH-01,Dudhsagar Synthetic Rainfall Station,15.31321535,74.31401199,0.0,2.4,2.4,6.4,No rain,SYNTHETIC_DEMO
2026-08-29 08:00:00,SYN-DUDH-01,Dudhsagar Synthetic Rainfall Station,15.31321535,74.31401199,6.1,8.5,8.5,12.5,Moderate,SYNTHETIC_DEMO
2026-08-29 09:00:00,SYN-DUDH-01,Dudhsagar Synthetic Rainfall Station,15.31321535,74.31401199,0.0,6.1,8.5,12.5,No rain,SYNTHETIC_DEMO
2026-08-29 10:00:00,SYN-DUDH-01,Dudhsagar Synthetic Rainfall Station,15.31321535,74.31401199,2.3,8.4,10.8,14.8,Light,SYNTHETIC_DEMO
2026-08-29 11:00:00,SYN-DUDH-01,Dudhsagar Synthetic Rainfall Station,15.31321535,74.31401199,0.0,2.3,10.8,14.8,No rain,SYNTHETIC_DEMO
2026-08-29 12:00:00,SYN-DUDH-01,Dudhsagar Synthetic Rainfall Station,15.31321535,74.31401199,0.0,2.3,8.4,14.8,No rain,SYNTHETIC_DEMO
2026-08-29 13:00:00,SYN-DUDH-01,Dudhsagar Synthetic Rainfall Station,15.31321535,74.31401199,0.0,0.0,8.4,14.8,No rain,SYNTHETIC_DEMO
2026-08-29 14:00:00,SYN-DUDH-01,Dudhsagar Synthetic Rainfall Station,15.31321535,74.31401199,0.0,0.0,2.3,14.8,No rain,SYNTHETIC_DEMO
2026-08-29 15:00:00,SYN-DUDH-01,Dudhsagar Synthetic Rainfall Station,15.31321535,74.31401199,0.0,0.0,2.3,13.7,No rain,SYNTHETIC_DEMO
2026-08-29 16:00:00,SYN-DUDH-01,Dudhsagar Synthetic Rainfall Station,15.31321535,74.31401199,0.0,0.0,0.0,13.7,No rain,SYNTHETIC_DEMO
2026-08-29 17:00:00,SYN-DUDH-01,Dudhsagar Synthetic Rainfall Station,15.31321535,74.31401199,0.0,0.0,0.0,13.7,No rain,SYNTHETIC_DEMO
2026-08-29 18:00:00,SYN-DUDH-01,Dudhsagar Synthetic Rainfall Station,15.31321535,74.31401199,19.8,19.8,19.8,33.5,Heavy,SYNTHETIC_DEMO
2026-08-29 19:00:00,SYN-DUDH-01,Dudhsagar Synthetic Rainfall Station,15.31321535,74.31401199,66.2,86.0,86.0,99.7,Extreme,SYNTHETIC_DEMO
2026-08-29 20:00:00,SYN-DUDH-01,Dudhsagar Synthetic Rainfall Station,15.31321535,74.31401199,48.9,134.9,134.9,148.6,Very heavy,SYNTHETIC_DEMO
2026-08-29 21:00:00,SYN-DUDH-01,Dudhsagar Synthetic Rainfall Station,15.31321535,74.31401199,80.0,195.1,214.9,228.6,Extreme,SYNTHETIC_DEMO
2026-08-29 22:00:00,SYN-DUDH-01,Dudhsagar Synthetic Rainfall Station,15.31321535,74.31401199,80.0,208.9,294.9,305.7,Extreme,SYNTHETIC_DEMO
2026-08-29 23:00:00,SYN-DUDH-01,Dudhsagar Synthetic Rainfall Station,15.31321535,74.31401199,80.0,240.0,374.9,385.7,Extreme,SYNTHETIC_DEMO
2026-08-30 00:00:00,SYN-DUDH-01,Dudhsagar Synthetic Rainfall Station,15.31321535,74.31401199,28.4,188.4,383.5,414.1,Heavy,SYNTHETIC_DEMO
2026-08-30 01:00:00,SYN-DUDH-01,Dudhsagar Synthetic Rainfall Station,15.31321535,74.31401199,25.7,134.1,343.0,439.8,Heavy,SYNTHETIC_DEMO
2026-08-30 02:00:00,SYN-DUDH-01,Dudhsagar Synthetic Rainfall Station,15.31321535,74.31401199,39.0,93.1,333.1,478.8,Very heavy,SYNTHETIC_DEMO
2026-08-30 03:00:00,SYN-DUDH-01,Dudhsagar Synthetic Rainfall Station,15.31321535,74.31401199,50.1,114.8,303.2,528.9,Extreme,SYNTHETIC_DEMO
2026-08-30 04:00:00,SYN-DUDH-01,Dudhsagar Synthetic Rainfall Station,15.31321535,74.31401199,34.2,123.3,257.4,563.1,Very heavy,SYNTHETIC_DEMO
2026-08-30 05:00:00,SYN-DUDH-01,Dudhsagar Synthetic Rainfall Station,15.31321535,74.31401199,29.5,113.8,206.9,592.6,Heavy,SYNTHETIC_DEMO
2026-08-30 06:00:00,SYN-DUDH-01,Dudhsagar Synthetic Rainfall Station,15.31321535,74.31401199,67.3,131.0,245.8,657.5,Extreme,SYNTHETIC_DEMO
2026-08-30 07:00:00,SYN-DUDH-01,Dudhsagar Synthetic Rainfall Station,15.31321535,74.31401199,38.9,135.7,259.0,696.4,Very heavy,SYNTHETIC_DEMO
2026-08-30 08:00:00,SYN-DUDH-01,Dudhsagar Synthetic Rainfall Station,15.31321535,74.31401199,33.3,139.5,253.3,723.6,Very heavy,SYNTHETIC_DEMO
2026-08-30 09:00:00,SYN-DUDH-01,Dudhsagar Synthetic Rainfall Station,15.31321535,74.31401199,19.8,92.0,223.0,743.4,Heavy,SYNTHETIC_DEMO
2026-08-30 10:00:00,SYN-DUDH-01,Dudhsagar Synthetic Rainfall Station,15.31321535,74.31401199,8.4,61.5,197.2,749.5,Moderate,SYNTHETIC_DEMO
2026-08-30 11:00:00,SYN-DUDH-01,Dudhsagar Synthetic Rainfall Station,15.31321535,74.31401199,80.0,108.2,247.7,829.5,Extreme,SYNTHETIC_DEMO
2026-08-30 12:00:00,SYN-DUDH-01,Dudhsagar Synthetic Rainfall Station,15.31321535,74.31401199,80.0,168.4,260.4,909.5,Extreme,SYNTHETIC_DEMO
2026-08-30 13:00:00,SYN-DUDH-01,Dudhsagar Synthetic Rainfall Station,15.31321535,74.31401199,80.0,240.0,301.5,989.5,Extreme,SYNTHETIC_DEMO
2026-08-30 14:00:00,SYN-DUDH-01,Dudhsagar Synthetic Rainfall Station,15.31321535,74.31401199,0.0,160.0,268.2,989.5,No rain,SYNTHETIC_DEMO
2026-08-30 15:00:00,SYN-DUDH-01,Dudhsagar Synthetic Rainfall Station,15.31321535,74.31401199,0.0,80.0,248.4,989.5,No rain,SYNTHETIC_DEMO
2026-08-30 16:00:00,SYN-DUDH-01,Dudhsagar Synthetic Rainfall Station,15.31321535,74.31401199,0.0,0.0,240.0,989.5,No rain,SYNTHETIC_DEMO
2026-08-30 17:00:00,SYN-DUDH-01,Dudhsagar Synthetic Rainfall Station,15.31321535,74.31401199,0.0,0.0,160.0,989.5,No rain,SYNTHETIC_DEMO
2026-08-30 18:00:00,SYN-DUDH-01,Dudhsagar Synthetic Rainfall Station,15.31321535,74.31401199,0.0,0.0,80.0,969.7,No rain,SYNTHETIC_DEMO
2026-08-30 19:00:00,SYN-DUDH-01,Dudhsagar Synthetic Rainfall Station,15.31321535,74.31401199,0.0,0.0,0.0,903.5,No rain,SYNTHETIC_DEMO
2026-08-30 20:00:00,SYN-DUDH-01,Dudhsagar Synthetic Rainfall Station,15.31321535,74.31401199,0.0,0.0,0.0,854.6,No rain,SYNTHETIC_DEMO
2026-08-30 21:00:00,SYN-DUDH-01,Dudhsagar Synthetic Rainfall Station,15.31321535,74.31401199,1.1,1.1,1.1,775.7,Light,SYNTHETIC_DEMO
2026-08-30 22:00:00,SYN-DUDH-01,Dudhsagar Synthetic Rainfall Station,15.31321535,74.31401199,0.0,1.1,1.1,695.7,No rain,SYNTHETIC_DEMO
2026-08-30 23:00:00,SYN-DUDH-01,Dudhsagar Synthetic Rainfall Station,15.31321535,74.31401199,0.0,1.1,1.1,615.7,No rain,SYNTHETIC_DEMO
